date,portfolio_return,expected_return,portfolio_risk,sharpe,n_stocks,window_start,window_end
2023-03-31,0.026970713482533853,0.007208480214000733,0.0007389239480985111,0.2578827710166815,10,2023-01-04,2023-03-30
2023-04-03,0.009596454974670765,0.007257807347131364,0.0006038133391376126,0.2872870885811727,10,2023-01-05,2023-03-31
2023-04-04,-0.0012377563184669074,0.007476062369388635,0.000601897937795382,0.296640002676439,10,2023-01-06,2023-04-03
2023-04-05,-0.019832038186696085,0.0072878106128747774,0.0008894755051346683,0.23770721034598508,10,2023-01-09,2023-04-04
2023-04-06,0.013213947765505708,0.006766998647450201,0.000757902904815225,0.23859706638267247,10,2023-01-10,2023-04-05
2023-04-10,0.008427241797501024,0.006689657925627245,0.0006682381947466017,0.25110905116108184,10,2023-01-11,2023-04-06
2023-04-11,0.0025151937520751406,0.006929920754922257,0.0005323354012561917,0.29175593124026034,10,2023-01-12,2023-04-10
2023-04-12,0.002689384217173726,0.006658407727376133,0.0005301845786082552,0.28055540260477035,10,2023-01-13,2023-04-11
2023-04-13,0.020163737284700542,0.006263062565349701,0.0004494756664579037,0.2860570384326427,10,2023-01-17,2023-04-12
2023-04-14,0.011262174776765898,0.006479223366279239,0.0005516356535747741,0.26741732252092476,10,2023-01-18,2023-04-13
2023-04-17,-0.008257083506672327,0.006862295061421183,0.0005462590914748818,0.285120196068046,10,2023-01-19,2023-04-14
2023-04-18,0.011092404711279731,0.0069227543523786355,0.00044821497880127696,0.31761908195072236,10,2023-01-20,2023-04-17
2023-04-19,0.0008213168287366845,0.006624423779591693,0.00044017048373540653,0.3062887247061684,10,2023-01-23,2023-04-18
2023-04-20,0.009161971152556955,0.006443413520148436,0.0004402744121090227,0.297625936439941,10,2023-01-24,2023-04-19
2023-04-21,0.006383121117989255,0.006483270723536551,0.0004403962464946946,0.29948402750276765,10,2023-01-25,2023-04-20
2023-04-24,-0.010158373866343313,0.006496862583724819,0.00044038201785333287,0.30013655099438974,10,2023-01-26,2023-04-21
2023-04-25,-0.020178779969353952,0.005923975710773596,0.0004394291071432605,0.2731327556021632,10,2023-01-27,2023-04-24
2023-04-26,0.010437022374072551,0.005573487629139561,0.0004076582716172236,0.2662173716193939,10,2023-01-30,2023-04-25
2023-04-27,0.028465862188338447,0.005880502161921359,0.0004047560084442381,0.28243038169987306,10,2023-01-31,2023-04-26
2023-04-28,0.0036072057150681102,0.006113339424640307,0.000535836429515367,0.2555249129094762,10,2023-02-01,2023-04-27
2023-05-01,0.005536386696680538,0.005833178470014812,0.0005324792103158839,0.24418812369786916,10,2023-02-02,2023-04-28
2023-05-02,-0.009496637674301745,0.003951412639239536,0.00020534594581538126,0.2618999937599073,10,2023-02-03,2023-05-01
2023-05-03,0.0031064835631887163,0.0037388408129550754,0.00019727645068027332,0.2520682550020941,10,2023-02-06,2023-05-02
2023-05-04,-0.018792908592161584,0.0039425412444233626,0.0002060640061866776,0.2608252776409206,10,2023-02-07,2023-05-03
2023-05-05,0.0008063331213212007,0.003115139378904382,0.00018988183514149004,0.2116674223114322,10,2023-02-08,2023-05-04
2023-05-08,0.0013424604734219453,0.0035973961304989824,0.00024173029819942737,0.21861678386679137,10,2023-02-09,2023-05-05
2023-05-09,-0.003421401592549602,0.003878884909726078,0.00022476689221003445,0.24549201451916136,10,2023-02-10,2023-05-08
2023-05-10,0.005566531179064842,0.004007074239808069,0.0002218463214660147,0.2557091459548266,10,2023-02-13,2023-05-09
2023-05-11,0.010339915291480756,0.0042134706850376685,0.0004199749261121408,0.19592061643753195,10,2023-02-14,2023-05-10
2023-05-12,-0.005720659586078082,0.0044110673872217315,0.00042001528027867384,0.20555276076600598,10,2023-02-15,2023-05-11
2023-05-15,0.011604076409485724,0.00424563559417211,0.00038190747154676373,0.20709901990900814,10,2023-02-16,2023-05-12
2023-05-16,0.00021772008423819847,0.004836629326263058,0.0003691336945796105,0.24141218203902812,10,2023-02-17,2023-05-15
2023-05-17,0.006737533438794038,0.004762559114837535,0.00036951223654280575,0.23743522699245245,10,2023-02-21,2023-05-16
2023-05-18,0.010004700772872228,0.005599187754316859,0.000361641513725747,0.28399908947235647,10,2023-02-22,2023-05-17
2023-05-19,-0.014951111005316218,0.005709101126976033,0.00039838311762471757,0.2760929974674556,10,2023-02-23,2023-05-18
2023-05-22,-0.003836246379368488,0.005294250467475471,0.00035487248354165284,0.27050757312301316,10,2023-02-24,2023-05-19
2023-05-23,-0.010393575258675854,0.005428909568134692,0.00031792282236790386,0.29334729742376625,10,2023-02-27,2023-05-22
2023-05-24,0.007176413059682487,0.005354224429131294,0.00039746652138414687,0.2586108675392603,10,2023-02-28,2023-05-23
2023-05-25,0.001778376562315318,0.005286596540237833,0.0004307691254120811,0.24515486052562432,10,2023-03-01,2023-05-24
2023-05-26,0.006376991588431437,0.005639867578288368,0.00039356051915033697,0.274289553677671,10,2023-03-02,2023-05-25
2023-05-30,0.005770461089860448,0.0055462565596942,0.0002609666007271268,0.33104440471542607,10,2023-03-03,2023-05-26
2023-05-31,0.0010400845251151895,0.005182332311218712,0.0002942878603325952,0.29052589824665037,10,2023-03-06,2023-05-30
2023-06-01,0.02691510271957583,0.005538221421945915,0.00033753482224341524,0.2906473757781589,10,2023-03-07,2023-05-31
2023-06-02,0.017009765183344204,0.00602521753910883,0.00036786810653231024,0.3037976440647771,10,2023-03-08,2023-06-01
2023-06-05,0.016387171174901616,0.0063774253646137445,0.0003742143972405547,0.31941759625527616,10,2023-03-09,2023-06-02
2023-06-06,-0.0023074617467731713,0.006992638596119526,0.0003599470555157569,0.35811347884044464,10,2023-03-10,2023-06-05
2023-06-07,-0.01599964578163205,0.007601504903357056,0.0004930740924701329,0.3333934510065771,10,2023-03-13,2023-06-06
2023-06-08,0.04509413593306977,0.0074342601195430446,0.0004948384865162516,0.3252802264303988,10,2023-03-14,2023-06-07
2023-06-09,-0.03142972673949605,0.008500455041697483,0.0008176965998888552,0.2903279493781887,10,2023-03-15,2023-06-08
2023-06-12,0.03339095115785355,0.008081629220233467,0.0008312164710883636,0.2734301391019258,10,2023-03-16,2023-06-09
2023-06-13,0.017295752609843586,0.008333047328646365,0.0008530266361844354,0.2785202353765885,10,2023-03-17,2023-06-12
2023-06-14,-0.04154826087355627,0.009105885275642546,0.0008164040769775118,0.31174673238264866,10,2023-03-20,2023-06-13
2023-06-15,0.013060075142008023,0.008527391298873756,0.0008552905789741648,0.2847966658290455,10,2023-03-21,2023-06-14
2023-06-16,-0.015084805899214094,0.007529951415200039,0.0007844562575347673,0.26176451021379843,10,2023-03-22,2023-06-15
2023-06-20,-0.01699604055680532,0.00787928373140092,0.0007787281783249139,0.2752437882638242,10,2023-03-23,2023-06-16
2023-06-21,-0.014777194152437901,0.007243467273983338,0.00078581861681289,0.25131777349516243,10,2023-03-24,2023-06-20
2023-06-22,-0.0015509013807968699,0.006654579193454447,0.000790680925922077,0.22960116589596136,10,2023-03-27,2023-06-21
2023-06-23,0.0026451350873161698,0.006713910051236364,0.00050825568035962,0.2890057278545936,10,2023-03-28,2023-06-22
2023-06-26,-0.012346911575140408,0.007254081104834465,0.0004856849620063068,0.3201554002819557,10,2023-03-29,2023-06-23
2023-06-27,0.021813880744627527,0.0064664527087839084,0.0004695294028141571,0.2892679788339116,10,2023-03-30,2023-06-26
2023-06-28,0.006232760429023587,0.006763735772466868,0.0004733405812649677,0.3017652524496747,10,2023-03-31,2023-06-27
2023-06-29,-0.006702415252962807,0.006347685464358599,0.00046305195975884425,0.28576490542347044,10,2023-04-03,2023-06-28
2023-06-30,0.007436569976001462,0.006248510952069999,0.00046507416734945417,0.28054421457452927,10,2023-04-04,2023-06-29
2023-07-03,0.007493324085427818,0.006646256239219318,0.0004562214313848731,0.30187465183069423,10,2023-04-05,2023-06-30
2023-07-05,-0.007953809663855949,0.007135176529478519,0.0004422349953685539,0.3298605307272715,10,2023-04-06,2023-07-03
2023-07-06,-0.032485378617711926,0.007060792722531305,0.00044417456398940973,0.3256101394448246,10,2023-04-10,2023-07-05
2023-07-07,-0.0020655131206044177,0.006307536643316959,0.00031844263361149145,0.34234448064538536,10,2023-04-11,2023-07-06
2023-07-10,0.018735621111064797,0.006272825844592668,0.00031895901524982577,0.3401236910460634,10,2023-04-12,2023-07-07
2023-07-11,0.014480367759103926,0.006877522658839281,0.0004680444178394978,0.30872731541732873,10,2023-04-13,2023-07-10
2023-07-12,0.018526283969941153,0.00670878013176021,0.0004636687265945158,0.30234416792208,10,2023-04-14,2023-07-11
2023-07-13,0.013007235004983532,0.007109224442606781,0.0004633461604413242,0.32105266282256195,10,2023-04-17,2023-07-12
2023-07-14,-0.0016435945768549965,0.007173575098641019,0.0004725326467961445,0.3208768696369305,10,2023-04-18,2023-07-13
2023-07-17,0.014325775810600391,0.007062722168443908,0.0004737583018697213,0.31536858993166134,10,2023-04-19,2023-07-14
2023-07-18,-0.01566151107401392,0.007247004144244664,0.00047437391113223595,0.32362490675628325,10,2023-04-20,2023-07-17
2023-07-19,0.013504205940428764,0.007201087652417493,0.0007583980300958262,0.25428185342417314,10,2023-04-21,2023-07-18
2023-07-20,-0.02726813221264808,0.007302169839368742,0.0007590600556985516,0.25783984715121977,10,2023-04-24,2023-07-19
2023-07-21,-0.004298905501495804,0.007060010809977587,0.0007724491277543766,0.2468825147234769,10,2023-04-25,2023-07-20
2023-07-24,-0.004890990795928185,0.0075480559171303835,0.000746398148079487,0.26901777661815046,10,2023-04-26,2023-07-21
2023-07-25,0.012816245899253278,0.007398365173208026,0.0007487852485423345,0.26311825981027176,10,2023-04-27,2023-07-24
2023-07-26,0.0034247392957736543,0.0072402848419254075,0.0007340359484330537,0.25991387804182814,10,2023-04-28,2023-07-25
2023-07-27,-0.039270384319437475,0.007404681635225305,0.0007489542460222421,0.26331937807645256,10,2023-05-01,2023-07-26
2023-07-28,0.033769745939781756,0.006455227961226401,0.0007573353784874876,0.22735745969352575,10,2023-05-02,2023-07-27
2023-07-31,0.048813508063768524,0.007915391413814275,0.000741940606688963,0.2833105390316377,10,2023-05-03,2023-07-28
2023-08-01,-0.00039996370150042907,0.008537080203325418,0.0008010698487740197,0.2946194827829674,10,2023-05-04,2023-07-31
2023-08-02,-0.04534366348615719,0.008633114187493589,0.0007726255751317805,0.30344862620416146,10,2023-05-05,2023-08-01
2023-08-03,-0.006782179062905821,0.006879167889744347,0.0006522085861615548,0.2615967235175942,10,2023-05-08,2023-08-02
2023-08-04,-0.028561672158879687,0.00588179717297913,0.0006182137789385178,0.22857971903933727,10,2023-05-09,2023-08-03
2023-08-07,0.0009035337981764132,0.005458494005212097,0.0004077332028492425,0.26049801345310825,10,2023-05-10,2023-08-04
2023-08-08,0.0005409699472760327,0.00517346071929487,0.00042343822205879235,0.2417699085509198,10,2023-05-11,2023-08-07
2023-08-09,0.009979576601011383,0.005054424595632398,0.00042372402998923164,0.23590556875439217,10,2023-05-12,2023-08-08
2023-08-10,-0.0006355814203233064,0.005343171074216237,0.00042144443100636833,0.25060793679910026,10,2023-05-15,2023-08-09
2023-08-11,-0.0009090986078349844,0.005115670163023094,0.00032353956499330504,0.27337528401733485,10,2023-05-16,2023-08-10
2023-08-14,0.017766834743780647,0.005349489908305291,0.0003172828952959295,0.28918431069183315,10,2023-05-17,2023-08-11
2023-08-15,-0.014439868126993296,0.005360156582065028,0.00031753986893332475,0.28966586434092395,10,2023-05-18,2023-08-14
2023-08-16,-0.019190638441595197,0.004781831679637124,0.00032659652804666533,0.2536201615010941,10,2023-05-19,2023-08-15
2023-08-17,-0.056303621413034945,0.004712143896664312,0.00033419755115849097,0.2469073727891184,10,2023-05-22,2023-08-16
2023-08-18,0.010484103993684135,0.0040490798408915896,0.0003705361819450023,0.20004175951261388,10,2023-05-23,2023-08-17
2023-08-21,0.010323755379426914,0.004405791581049778,0.00038623508014004544,0.21408476495155798,10,2023-05-24,2023-08-18
2023-08-22,-0.005250527808283738,0.004433186699626128,0.00036770532555287976,0.22084129030357613,10,2023-05-25,2023-08-21
2023-08-23,0.011282820525408657,0.003936180167754061,0.0002966374356353381,0.21701976974731427,10,2023-05-26,2023-08-22
2023-08-24,-0.02833572309004145,0.004209036901741223,0.0003424666053698183,0.21672192697328366,10,2023-05-30,2023-08-23
2023-08-25,0.012262251359275078,0.0036188482102469865,0.0003464059725760536,0.18377596790213063,10,2023-05-31,2023-08-24
2023-08-28,0.0029263870997053984,0.004362794528131944,0.0005242980738720669,0.1818701436618465,10,2023-06-01,2023-08-25
2023-08-29,0.03554428002164947,0.004009392327324009,0.0005176128210184363,0.16750744442746676,10,2023-06-02,2023-08-28
2023-08-30,0.02325457135500596,0.003985518258223443,0.0005136907536010311,0.16709233745518626,10,2023-06-05,2023-08-29
2023-08-31,0.021334182771630992,0.004229866630987871,0.0008697868961829934,0.13669583108340938,10,2023-06-06,2023-08-30
2023-09-01,0.020475078726414207,0.0044808165312948565,0.0008746504634706677,0.14480059696279862,10,2023-06-07,2023-08-31
2023-09-05,0.00487872526775253,0.004853187207040224,0.0009102764799688422,0.15428083657758143,11,2023-06-08,2023-09-01
2023-09-06,0.0013335838904422418,0.004129555793121986,0.00033198064382517926,0.21575579472792847,10,2023-06-09,2023-09-05
2023-09-07,0.01269833893312762,0.004480326550741899,0.0004900393595067675,0.1934293808809297,10,2023-06-12,2023-09-06
2023-09-08,-0.009748083049602944,0.004225613157139146,0.00043984144853336383,0.19202384838536035,10,2023-06-13,2023-09-07
2023-09-11,0.0030775224323935863,0.003857455935561125,0.00031490543527523473,0.206194682221854,10,2023-06-14,2023-09-08
2023-09-12,0.002494814617719131,0.004657342186672299,0.0006779287838008538,0.1712531490211747,10,2023-06-15,2023-09-11
2023-09-13,-0.007534742645519154,0.004470518607527363,0.0006766345949558303,0.16423469553167885,10,2023-06-16,2023-09-12
2023-09-14,0.007702978410059595,0.004567551857154753,0.0006688653633963735,0.16893767861134035,10,2023-06-20,2023-09-13
2023-09-15,0.0003854081889064629,0.004997759843208258,0.0006651018342883477,0.18609645055205118,10,2023-06-21,2023-09-14
2023-09-18,0.011118278976368757,0.005228797302364166,0.0006719700183176328,0.19405562725056189,10,2023-06-22,2023-09-15
2023-09-19,-0.02578886480778563,0.005447064306908255,0.000671582570706811,0.20253404498056826,10,2023-06-23,2023-09-18
2023-09-20,-0.03206491508811137,0.005070281692264439,0.0006867131842235141,0.18591220723861823,10,2023-06-26,2023-09-19
2023-09-21,-0.05337975341564913,0.004653464171592678,0.0007074175100459873,0.16750000406444154,10,2023-06-27,2023-09-20
2023-09-22,-0.023496713810021663,0.003425279928241074,0.0007554167488108501,0.11740532369091265,10,2023-06-28,2023-09-21
2023-09-25,0.003464634412067721,0.002927504171708268,0.0007588824657166122,0.09906741518578821,10,2023-06-29,2023-09-22
2023-09-26,-0.01383152974780937,0.003114267354851082,0.0007667268852432249,0.10530415917909236,10,2023-06-30,2023-09-25
2023-09-27,0.012013422570054094,0.0027885347300998487,0.0007713602975612109,0.0932591780915754,10,2023-07-03,2023-09-26
2023-09-28,0.014575921350752433,0.002663701584392039,0.0007680508067636706,0.0889555074397751,10,2023-07-05,2023-09-27
2023-09-29,0.006420793448536743,0.003194692623412186,0.0007689671743843412,0.10805092333221636,10,2023-07-06,2023-09-28
2023-10-02,-0.010810315246872435,0.00417273763666678,0.0007265302431148955,0.14744719722508795,10,2023-07-07,2023-09-29
2023-10-03,-0.06898934912232833,0.0040798163171155595,0.000714616860043571,0.14519517203066332,10,2023-07-10,2023-10-02
2023-10-04,-0.008940878154125307,0.0022703806880850605,0.0007664428079362818,0.07484161721710553,10,2023-07-11,2023-10-03
2023-10-05,-0.020659811328685915,0.0014658393653198428,0.0007362942146576724,0.0467086316783949,10,2023-07-12,2023-10-04
2023-10-06,0.015236281526450596,0.0009182521981990219,0.0007403409124691158,0.026455732915417935,10,2023-07-13,2023-10-05
2023-10-09,0.025693391323266153,0.0007313198077052446,0.0007385834755705676,0.019608831696947795,10,2023-07-14,2023-10-06
2023-10-10,0.033874204337825294,0.0014526521812146449,0.0007429282450051031,0.04601580579592354,10,2023-07-17,2023-10-09
2023-10-11,0.007824942583053636,0.0017096282521412104,0.0007665838547863413,0.05458163980355848,10,2023-07-18,2023-10-10
2023-10-12,-0.04357554747557701,0.0020233642354512797,0.0007590780901100999,0.06623813656903214,10,2023-07-19,2023-10-11
2023-10-13,-0.007899383166047906,0.0010424928772562252,0.0007904433765510236,0.030022601251662916,10,2023-07-20,2023-10-12
2023-10-16,0.029754199177807618,0.001377108108779908,0.0005481124111885748,0.050346208791313594,11,2023-07-21,2023-10-13
2023-10-17,0.030600590793240984,0.0018880811549422606,0.0006098197232517549,0.06842278725402168,11,2023-07-24,2023-10-16
2023-10-18,-0.033123830794440846,0.002529663101629787,0.0008591853730541487,0.07953265587908821,10,2023-07-25,2023-10-17
2023-10-19,-0.0096567927779079,0.0019197939664599424,0.0006235511231684753,0.0689351996986572,10,2023-07-26,2023-10-18
2023-10-20,-0.02712273928189805,0.0016951990921671104,0.0005936570297765902,0.06143162696964586,10,2023-07-27,2023-10-19
2023-10-23,0.01213288471520753,0.0018355331817788883,0.0008037000166151172,0.057747561782314244,10,2023-07-28,2023-10-20
2023-10-24,0.040922760387998296,0.001454830842638374,0.0007867330716654945,0.04479406692647654,10,2023-07-31,2023-10-23
2023-10-25,-0.03230289020519529,0.001885016155882567,0.00044690908650546615,0.07978171942737018,10,2023-08-01,2023-10-24
2023-10-26,-0.031673105442001755,0.0014312987713918919,0.0004098202986229128,0.060901250729463736,10,2023-08-02,2023-10-25
2023-10-27,0.0026985847106183614,0.0013608207645467746,0.0004403733815252157,0.055392132218768445,10,2023-08-03,2023-10-26
2023-10-30,0.014834646232807381,0.001356431864395679,0.00044693222664823743,0.05477657952993336,10,2023-08-04,2023-10-27
2023-10-31,-0.015650606347927174,0.0016811612002833058,0.00044927606486858026,0.06995372586094005,10,2023-08-07,2023-10-30
2023-11-01,0.008300808263348398,0.002000636200065945,0.0007726946029177547,0.06483428231608873,10,2023-08-08,2023-10-31
2023-11-02,0.044612164480335205,0.002272187409722528,0.00045868113318109214,0.09682915318058448,10,2023-08-09,2023-11-01
2023-11-03,0.033617126250797595,0.0037818830379770293,0.0008836030311644022,0.12055222048597242,10,2023-08-10,2023-11-02
2023-11-06,-0.014116232399042021,0.004600849541471922,0.0009090676570926947,0.14601417856108848,10,2023-08-11,2023-11-03
2023-11-07,0.008226085080386403,0.004286405338848562,0.0009146766192594515,0.13516875538448686,10,2023-08-14,2023-11-06
2023-11-08,0.0056568215914966705,0.00436999830795891,0.000888507411170985,0.1399492681910464,10,2023-08-15,2023-11-07
2023-11-09,0.05053074597681377,0.005054305575983438,0.0008904077883399719,0.16273262163332955,10,2023-08-16,2023-11-08
2023-11-10,-0.03114533162716459,0.006063946115774826,0.0009248561102685181,0.19287255199961792,10,2023-08-17,2023-11-09
2023-11-13,0.010286418070570524,0.0058923978615770005,0.0009315661836905797,0.1865561077666321,10,2023-08-18,2023-11-10
2023-11-14,0.05495474840723036,0.005957058094393037,0.000935675702422744,0.18825982868329097,10,2023-08-21,2023-11-13
2023-11-15,0.010105588253015156,0.006811716992218684,0.0009715959650804087,0.21216593393692973,10,2023-08-22,2023-11-14
2023-11-16,-0.029812699012193432,0.0072479956768145394,0.0009867562627662984,0.22441840930419066,10,2023-08-23,2023-11-15
2023-11-17,0.0010407045219549109,0.006551839605791217,0.0009853033106473758,0.2024058523773566,10,2023-08-24,2023-11-16
2023-11-20,0.014110820350111233,0.007067199779259148,0.0009868889907530688,0.21864819717563672,10,2023-08-25,2023-11-17
2023-11-21,-0.013732970281983066,0.0053093026361404555,0.0007724075798638011,0.18389641527004105,10,2023-08-28,2023-11-20
2023-11-22,0.017075720838456272,0.00494365402293549,0.0007700227289508967,0.17100410269447072,10,2023-08-29,2023-11-21
2023-11-24,0.013359322004023889,0.004583699218164301,0.0007530235673049032,0.1598062233688328,10,2023-08-30,2023-11-22
2023-11-27,0.05126662798820635,0.004409309454095927,0.0007536747339732042,0.15338490214914646,10,2023-08-31,2023-11-24
2023-11-28,0.04788788134210165,0.004953886608076051,0.0007820404691060766,0.17005099913813623,10,2023-09-01,2023-11-27
2023-11-29,0.014231542095344886,0.005344781454998172,0.0008511351212848832,0.1764012444107939,10,2023-09-05,2023-11-28
2023-11-30,0.008013677854989597,0.005481684757654461,0.0008664921147048328,0.17948190321096597,10,2023-09-06,2023-11-29
2023-12-01,0.05519479490515045,0.005606796907072535,0.0008661653493104496,0.18376683333151975,10,2023-09-07,2023-11-30
2023-12-04,0.018898404481707383,0.006463778384548809,0.0009070637702507465,0.20803073925996307,10,2023-09-08,2023-12-01
2023-12-05,-0.006504644035622424,0.006838959286121004,0.000907820446742117,0.22039607015463955,10,2023-09-11,2023-12-04
2023-12-06,0.0012008028494053522,0.006395001522313285,0.0009076424646997061,0.20568152076167295,10,2023-09-12,2023-12-05
2023-12-07,0.010373208991220741,0.006308535093325983,0.0009080921439311068,0.2027612449840167,10,2023-09-13,2023-12-06
2023-12-08,0.03596529742072717,0.006827104378897905,0.0008794305558344562,0.22352548309774983,10,2023-09-14,2023-12-07
2023-12-11,-0.018044766876345868,0.007349944861059254,0.0008934755233065354,0.23925320537558553,10,2023-09-15,2023-12-08
2023-12-12,0.00774542725956488,0.006875502335652952,0.0009040041449157857,0.2220761880668824,10,2023-09-18,2023-12-11
2023-12-13,0.05985251558405254,0.006908890433532856,0.0009040789956863083,0.2231774178760714,10,2023-09-19,2023-12-12
2023-12-14,0.007082251455491708,0.008392685524950311,0.0009594474791116298,0.2645451568679537,10,2023-09-20,2023-12-13
2023-12-15,-0.011704859983107194,0.008940422269951336,0.0009752096522824683,0.27993827408753863,10,2023-09-21,2023-12-14
2023-12-18,0.0034528445354253317,0.009564997730897532,0.0009247843930446489,0.30800731634642975,10,2023-09-22,2023-12-15
2023-12-19,0.06879702682571937,0.009967667589908816,0.0009096857007867623,0.32390358547653014,10,2023-09-25,2023-12-18
2023-12-20,-0.05057739638161494,0.010991899196653448,0.0009529655530316546,0.3496416410801875,10,2023-09-26,2023-12-19
2023-12-21,0.02682500477505321,0.010307507710710281,0.0010660279374427619,0.3096192710502362,10,2023-09-27,2023-12-20
2023-12-22,0.006035438877764461,0.010732893718243323,0.00109174680991373,0.31882486017194317,10,2023-09-28,2023-12-21
2023-12-26,0.01100900469721003,0.010574546266448829,0.001093692007260852,0.3137531055329107,10,2023-09-29,2023-12-22
2023-12-27,0.015685547556219738,0.010583380853410878,0.0010936465081590944,0.3140267774570406,10,2023-10-02,2023-12-26
2023-12-28,-0.00129896850052761,0.011154440289698786,0.0010793464347262885,0.3334822210548139,10,2023-10-03,2023-12-27
2023-12-29,-0.02451873126029548,0.01211991024727406,0.0010020037793732153,0.3766137159863976,10,2023-10-04,2023-12-28
2024-01-02,-0.04282602291351198,0.011761888512156685,0.001020690066505466,0.36194405771011723,10,2023-10-05,2023-12-29
2024-01-03,-0.04238451571920887,0.011224959144478094,0.0010746656004491264,0.336358832250988,10,2023-10-06,2024-01-02
2024-01-04,-0.008705659295907142,0.010189506192567182,0.0011092318145218974,0.299986604999391,10,2023-10-09,2024-01-03
2024-01-05,-0.0008995706244451394,0.009709221341753456,0.0011236618298217393,0.2837263220426886,10,2023-10-10,2024-01-04
2024-01-08,0.0367258969133807,0.009142332023302786,0.0010992163537789854,0.2697654216569896,10,2023-10-11,2024-01-05
2024-01-09,-0.010114920097921535,0.009562236080536265,0.0010964806116450533,0.28278263299006445,10,2023-10-12,2024-01-08
2024-01-10,-0.005390276440259412,0.010136461296556902,0.001046815356455025,0.30716099965522614,10,2023-10-13,2024-01-09
2024-01-11,-0.000999299694048112,0.010378950051700236,0.0010419007324956441,0.3153969786564375,10,2023-10-16,2024-01-10
2024-01-12,-0.013647126578712487,0.009842350707598969,0.0010306637695481633,0.30039721629660443,10,2023-10-17,2024-01-11
2024-01-16,-0.003614661603800807,0.008999700907446955,0.0010268738307561297,0.27465511929291897,10,2023-10-18,2024-01-12
2024-01-17,-0.003446002002495586,0.009560375988191552,0.0009929882035473333,0.29709468874136596,10,2023-10-19,2024-01-16
2024-01-18,-0.012380193551203771,0.009575330203498007,0.000992597144046367,0.29762786104332944,10,2023-10-20,2024-01-17
2024-01-19,0.024262084756997267,0.009530384267970097,0.0009986179903262921,0.29530698036680864,10,2023-10-23,2024-01-18
2024-01-22,0.027138559455308475,0.009743069807346112,0.0009066367929457302,0.3169886117016174,10,2023-10-24,2024-01-19
2024-01-23,-0.024226927516020066,0.009559762432833302,0.0008628244107888627,0.3186964730699575,10,2023-10-25,2024-01-22
2024-01-24,-0.023849620537708865,0.010483774951791576,0.0008596427666904709,0.3508008073292489,10,2023-10-26,2024-01-23
2024-01-25,0.008604394085867266,0.01006143640342074,0.0007423873016220989,0.36198852857122793,10,2023-10-27,2024-01-24
2024-01-26,0.014681029105911549,0.010212260883263461,0.000872043780041204,0.33910317582457017,10,2023-10-30,2024-01-25
2024-01-29,0.04316464594444751,0.010349061503531733,0.0008574732028261681,0.34664386823465565,10,2023-10-31,2024-01-26
2024-01-30,-0.008896831561720997,0.010808371899837717,0.0008612998020529162,0.3615235048846795,10,2023-11-01,2024-01-29
2024-01-31,-0.02954914644890473,0.010517945597318223,0.0008677748127308568,0.35031321298614854,10,2023-11-02,2024-01-30
2024-02-01,0.00120731078782058,0.008470014594292915,0.0007744447548959869,0.29723120430998173,10,2023-11-03,2024-01-31
2024-02-02,0.04155933488484079,0.007961123385628184,0.0007658969578507688,0.2804970038580767,10,2023-11-06,2024-02-01
2024-02-05,-0.0010961623066250781,0.008633840536573244,0.000767586591951063,0.30446923988733227,10,2023-11-07,2024-02-02
2024-02-06,0.009379608547273125,0.002519258402508006,4.22689602981219e-05,0.35697309032111946,11,2023-11-08,2024-02-05
2024-02-07,0.027396694794360566,0.00260669479372646,4.2692534340586125e-05,0.36857967435996947,11,2023-11-09,2024-02-06
2024-02-08,0.0024854947972588236,0.002260617357908263,4.496110701116641e-05,0.30754824951740695,12,2023-11-10,2024-02-07
2024-02-09,-0.04093883258856023,0.009740098476960076,0.0007214945676377048,0.3552291332336203,10,2023-11-13,2024-02-08
2024-02-12,0.006405935734853567,0.008855952384836413,0.0007468463819697365,0.31679538680433467,10,2023-11-14,2024-02-09
2024-02-13,-0.05585714514763216,0.007741881659798284,0.000675418730897913,0.2902582388409047,10,2023-11-15,2024-02-12
2024-02-14,0.019751924287931485,0.006444557874145033,0.000717182051856786,0.23323695680165782,10,2023-11-16,2024-02-13
2024-02-15,0.022163787887628825,0.007237595806485315,0.0007341584594907514,0.25979294746551335,10,2023-11-17,2024-02-14
2024-02-16,-0.03869966226713628,0.007468883172054382,0.0007378615320823434,0.2676548262442368,10,2023-11-20,2024-02-15
2024-02-20,-0.00024044611406969993,0.0018537083613158053,4.5782200558037195e-05,0.24463987093680986,13,2023-11-21,2024-02-16
2024-02-21,0.006123053460291355,0.001971761875101768,4.577347431831069e-05,0.2621122463184802,12,2023-11-22,2024-02-20
2024-02-22,0.011493532441863253,0.0020922338081661718,4.624103578033806e-05,0.2784999810845383,12,2023-11-24,2024-02-21
2024-02-23,0.01010529921834427,0.0022675424895652577,4.779750102197877e-05,0.29928512476219776,12,2023-11-27,2024-02-22
2024-02-26,0.027803841800605827,0.006357026072758451,0.00033607664934879613,0.33594158667288415,10,2023-11-28,2024-02-23
2024-02-27,0.014230900563725148,0.006622728334554543,0.00034328730258990345,0.3467352519965888,10,2023-11-29,2024-02-26
2024-02-28,0.0029021876266480673,0.006876345984896795,0.000343221706178226,0.3604580266383084,10,2023-11-30,2024-02-27
2024-02-29,0.02331648551743801,0.0070106312569228925,0.0003073774316070737,0.38855507160284875,10,2023-12-01,2024-02-28
2024-03-01,0.016124506429842457,0.00716797497091862,0.00032837757490387004,0.3846083908316431,10,2023-12-04,2024-02-29
2024-03-04,-0.01152504491275215,0.007176066219742039,0.0003115570011219274,0.3953125850578645,10,2023-12-05,2024-03-01
2024-03-05,-0.005368216921038259,0.002674989547044407,4.449820768626522e-05,0.3712620367737038,13,2023-12-06,2024-03-04
2024-03-06,0.0014479541025347478,0.002486109038106009,4.448276438155801e-05,0.3430066077625315,13,2023-12-07,2024-03-05
2024-03-07,0.01766421250924077,0.007332595540718394,0.00043429757195264496,0.34233439279837596,10,2023-12-08,2024-03-06
2024-03-08,-0.00757288484024678,0.0026748182792614766,4.4410391686298484e-05,0.3716032176201637,15,2023-12-11,2024-03-07
2024-03-11,-0.027216601836485034,0.007479866936087556,0.0004403207245940885,0.3470032632019395,10,2023-12-12,2024-03-08
2024-03-12,0.04522158099888094,0.006946121988809457,0.00045974106493641595,0.3147021521804191,11,2023-12-13,2024-03-11
2024-03-13,0.02497849441752225,0.007086080549725897,0.00048737819619060224,0.3119889019287176,10,2023-12-14,2024-03-12
2024-03-14,-0.002149065594111588,0.0024417958097388698,3.649306140426654e-05,0.3713627079450884,12,2023-12-15,2024-03-13
2024-03-15,-0.006824426144740108,0.002549276176588764,3.649674711403448e-05,0.38913502540162487,12,2023-12-18,2024-03-14
2024-03-18,0.0018247469775982451,0.0021833389333904924,3.5038721905877096e-05,0.3353283225747056,11,2023-12-19,2024-03-15
2024-03-19,0.002944858741590288,0.0021696777037243623,3.506613226458792e-05,0.3328902471387581,11,2023-12-20,2024-03-18
2024-03-20,0.0077902564673409,0.002642951097305265,3.253785396641683e-05,0.42855089173144945,13,2023-12-21,2024-03-19
2024-03-21,0.0023685714240554833,0.002646215964946036,3.2547295480796954e-05,0.42906100832663524,14,2023-12-22,2024-03-20
2024-03-22,-0.005286919781710307,0.002624849133115868,3.240004363239082e-05,0.4262811349948121,14,2023-12-26,2024-03-21
2024-03-25,-0.005901237326753041,0.0024114994403290255,3.241806856119899e-05,0.38869133631939573,14,2023-12-27,2024-03-22
2024-03-26,0.003566588817132268,0.002290565627336739,3.3400846769019525e-05,0.3620050930684193,14,2023-12-28,2024-03-25
2024-03-27,0.002713080485858601,0.0024519356998210515,3.32775742227994e-05,0.3906484966227961,14,2023-12-29,2024-03-26
2024-03-28,-0.0009195228748997023,0.00255091297813556,3.418683545670974e-05,0.4023464978682242,14,2024-01-02,2024-03-27
2024-04-01,-0.004718968186596792,0.0024515073721754466,3.282303547555321e-05,0.3932693154860523,12,2024-01-03,2024-03-28
2024-04-02,-0.0031295780151100907,0.002572878002920659,3.35286104082106e-05,0.4100700426001236,14,2024-01-04,2024-04-01
2024-04-03,-0.013171700281558186,0.002453530112056455,3.340659523116218e-05,0.39016925422211063,13,2024-01-05,2024-04-02
2024-04-04,-0.007744414150678959,0.0029021306520990546,3.966093842633238e-05,0.4293187785279902,11,2024-01-08,2024-04-03
2024-04-05,0.014725620199895345,0.0025739055356062196,3.942440459708847e-05,0.3783303191185035,13,2024-01-09,2024-04-04
2024-04-08,-0.0009476529064585428,0.0027205994774945896,3.94223778246345e-05,0.40170369819320056,14,2024-01-10,2024-04-05
2024-04-09,-0.0034132605280123803,0.0025955510885056965,3.934322256808089e-05,0.38217135786497525,13,2024-01-11,2024-04-08
2024-04-10,-0.0015937861954076413,0.002425677261532487,3.937333645518146e-05,0.35495286943434257,13,2024-01-12,2024-04-09
2024-04-11,0.0018416150876616336,0.0024033306537629556,3.943744422736116e-05,0.35110583413111424,15,2024-01-16,2024-04-10
2024-04-12,-0.008442728200333401,0.002558462579620894,3.9905729105082907e-05,0.3735971463143034,14,2024-01-17,2024-04-11
2024-04-15,-0.009780456951259566,0.0024064977025220276,4.004564387802193e-05,0.34892986385393693,14,2024-01-18,2024-04-12
2024-04-16,0.006066722217317167,0.0020382006593741876,3.967625580970532e-05,0.29208040685793313,12,2024-01-19,2024-04-15
2024-04-17,-0.0029767684404897457,0.0020733948808331457,3.95101694102615e-05,0.2982927460653359,11,2024-01-22,2024-04-16
2024-04-18,0.00035005695879288505,0.0020685789323823425,3.9754794592353014e-05,0.29660976697745506,13,2024-01-23,2024-04-17
2024-04-19,-0.0357647238463159,0.0045261074222023865,0.00029702059344054914,0.2511096106880492,10,2024-01-24,2024-04-18
2024-04-22,0.004452424225876924,0.003897751984815456,0.00046096283336915313,0.17230235264483795,10,2024-01-25,2024-04-19
2024-04-23,0.04724714611684815,0.0038480962556542127,0.00048695549989959293,0.16539050425916432,10,2024-01-26,2024-04-22
2024-04-24,-0.014932973780551763,0.004698054468152601,0.0005170186440562666,0.1978904497599828,10,2024-01-29,2024-04-23
2024-04-25,-0.003266635997619105,0.0042898202665955535,0.0005049298996515583,0.18207788417142712,10,2024-01-30,2024-04-24
2024-04-26,0.015425564687281878,0.004415412837770043,0.0005203711278252015,0.1848617318488607,10,2024-01-31,2024-04-25
2024-04-29,-6.200668249124784e-05,0.0049932773238642895,0.0005093114913190636,0.21246363658037687,10,2024-02-01,2024-04-26
2024-04-30,-0.02517530045216464,0.004659553424878396,0.0005058293839191243,0.1983553388449271,10,2024-02-02,2024-04-29
2024-05-01,-0.0011113652049706026,0.0036892893963879733,0.00047053474546189533,0.16093061023841704,10,2024-02-05,2024-04-30
2024-05-02,0.02408457243616256,0.0037852093548994786,0.0004606740388456838,0.1671128650627123,10,2024-02-06,2024-05-01
2024-05-03,0.010715712854929605,0.0036941570648075643,0.00045642537101367854,0.1636269275983549,10,2024-02-07,2024-05-02
2024-05-06,0.023068561863040293,0.0034109114979642826,0.0004474206258862867,0.15187453858468006,10,2024-02-08,2024-05-03
2024-05-07,-0.007947197095523361,0.00378156731467569,0.0004537432695407198,0.16821334562318008,10,2024-02-09,2024-05-06
2024-05-08,0.005409454221114275,0.0036129811386888897,0.0004559739928451868,0.15990637699698296,10,2024-02-12,2024-05-07
2024-05-09,0.03124550697690146,0.0036431823917137678,0.00045602776140737906,0.1613112099291841,10,2024-02-13,2024-05-08
2024-05-10,0.002930893815543291,0.004185332523005632,0.0004684190859471333,0.1842129719180447,10,2024-02-14,2024-05-09
2024-05-13,0.01117830897260829,0.003923606058528848,0.0004494625799821065,0.1757122532420373,10,2024-02-15,2024-05-10
2024-05-14,0.029561290778100238,0.003956916815264008,0.0004498590058782285,0.17720534556246187,10,2024-02-16,2024-05-13
2024-05-15,0.02152682110017977,0.004430642514868227,0.0004757348747066614,0.19403798043908455,10,2024-02-20,2024-05-14
2024-05-16,-0.006847792397573582,0.004952072198754427,0.00047703488701276965,0.21764715656316996,10,2024-02-21,2024-05-15
2024-05-17,-0.00016682836675088687,0.005121417984149813,0.00045556274550832176,0.23065145534228382,10,2024-02-22,2024-05-16
2024-05-20,0.015481200410267012,0.004601747141126778,0.00044437014790321575,0.20888595125721104,10,2024-02-23,2024-05-17
2024-05-21,-0.0035937971239696723,0.004594302822518441,0.00043220734772517465,0.21144662309133827,10,2024-02-26,2024-05-20
2024-05-22,-0.016676983993328613,0.004376846558227277,0.0004372789263554708,0.1998178381769935,10,2024-02-27,2024-05-21
2024-05-23,-0.01775693315022997,0.003791279540397283,0.0004410923631136904,0.1710709827930358,10,2024-02-28,2024-05-22
2024-05-24,0.024177840955449583,0.0035762471594551976,0.000447658590932022,0.15964852056566595,10,2024-02-29,2024-05-23
2024-05-28,-0.017868143154819834,0.0026342335102843397,0.0002978333638039323,0.141142777986124,10,2024-03-01,2024-05-24
2024-05-29,0.006869371539428737,0.0025414417774572693,0.000248704019841777,0.14857176181638812,10,2024-03-04,2024-05-28
2024-05-30,-0.004859550269553015,0.0023243592383850667,0.00023022132165457298,0.1401133655713821,10,2024-03-05,2024-05-29
2024-05-31,0.0025050065130011504,0.0024695591007884757,0.00020747341760669349,0.15767538390797398,10,2024-03-06,2024-05-30
2024-06-03,-0.0004591478844272641,0.00250981884972022,0.00020738871560287912,0.16050320194047185,10,2024-03-07,2024-05-31
2024-06-04,0.0004454762730583025,0.002450763328079682,0.00020751583543895068,0.15635449625926726,10,2024-03-08,2024-06-03
2024-06-05,0.017280152649505408,0.002926549569486973,0.00023161263476225558,0.17926067557124922,10,2024-03-11,2024-06-04
2024-06-06,-0.0018624855102915467,0.003191816040830275,0.0002504055602381224,0.1891660748562021,10,2024-03-12,2024-06-05
2024-06-07,-0.02112189899066901,0.0028178734216239005,0.00022614804850767538,0.1741868902569699,10,2024-03-13,2024-06-06
2024-06-10,0.0004417240372944969,0.002439533890626901,0.00020887569955691676,0.15506771258397964,10,2024-03-14,2024-06-07
2024-06-11,-0.0029332863185214607,0.0025889383591665475,0.0002541756284614322,0.14994308921213184,10,2024-03-15,2024-06-10
2024-06-12,0.012349280917734984,0.00266015153907298,0.00026829395911529593,0.1502922298828939,10,2024-03-18,2024-06-11
2024-06-13,-0.022441279168099126,0.002823371785966366,0.00029014051411937265,0.15410557427905855,10,2024-03-19,2024-06-12
2024-06-14,0.004803059361776775,0.002553239253757109,0.0002531964958150166,0.147989218424572,10,2024-03-20,2024-06-13
2024-06-17,0.005744128730155483,0.0022377982830081365,0.00025328386193080606,0.1281432052202581,11,2024-03-21,2024-06-14
2024-06-18,0.0007514660212069695,0.0022608130326747236,0.00021089725681429665,0.14201607383205564,10,2024-03-22,2024-06-17
2024-06-20,-0.010442532876335939,0.00113949385077661,3.105667282749829e-05,0.16886887275453338,14,2024-03-25,2024-06-18
2024-06-21,0.00816440342296936,0.0010952184256132508,3.0528531051278564e-05,0.16231004993527387,13,2024-03-26,2024-06-20
2024-06-24,-0.0009328848554405137,0.0012068159717504193,3.05662279297299e-05,0.18239516229226535,13,2024-03-27,2024-06-21
2024-06-25,-0.002205513312164821,0.0010506567263498638,2.935005303985321e-05,0.15731115270616003,13,2024-03-28,2024-06-24
2024-06-26,0.008081085102100528,0.0028475636791541886,0.00026711218105992645,0.1620913580615447,10,2024-04-01,2024-06-25
2024-06-27,-0.003842364295514999,0.001134251851612329,2.9190769394921082e-05,0.1732121817329786,13,2024-04-02,2024-06-26
2024-06-28,-0.018804626141373938,0.003449550225121072,0.00026445414269271736,0.1999217989431746,10,2024-04-03,2024-06-27
2024-07-01,-0.01238517709980585,0.0033616284654482257,0.00035244099548268905,0.1684944517293424,10,2024-04-04,2024-06-28
2024-07-02,0.0012594081955684844,0.0032973140627122663,0.00025350189205934046,0.19463330078478522,10,2024-04-05,2024-07-01
2024-07-03,-0.005977945072860196,0.00317540970112772,0.00035424361458659734,0.1581711891722984,10,2024-04-08,2024-07-02
2024-07-05,0.007651236773499808,0.0030241579536728555,0.00025344921129413073,0.17749557573406233,10,2024-04-09,2024-07-03
2024-07-08,0.007477302900910616,0.003079948172398492,0.0002637852860858213,0.17741841059379362,10,2024-04-10,2024-07-05
2024-07-09,-0.014770929572518968,0.0032762786691765138,0.00026314628485796514,0.18973658512659622,10,2024-04-11,2024-07-08
2024-07-10,-0.025175698803499867,0.0029868474086922206,0.00036314858382505236,0.146324921721297,10,2024-04-12,2024-07-09
2024-07-11,0.01519871202062886,0.0029312414474693565,0.00036614186942527944,0.1428195690204551,10,2024-04-15,2024-07-10
2024-07-12,0.009477960240053509,0.003300354855407406,0.000366912599532017,0.161939345673219,10,2024-04-16,2024-07-11
2024-07-15,-0.02386954766684856,0.0033414588432478837,0.000367306718801128,0.1639971567394781,10,2024-04-17,2024-07-12
2024-07-16,-0.00040118224197251514,0.0036337526446253176,0.0002545435046607752,0.21532214969680152,10,2024-04-18,2024-07-15
2024-07-17,-0.03816894089731711,0.0037922458776925736,0.00024096107711251062,0.23151784065690253,10,2024-04-19,2024-07-16
2024-07-18,-0.008155148225391321,0.0012927989279860313,3.030095781614938e-05,0.19881192641317824,13,2024-04-22,2024-07-17
2024-07-19,0.008625369834156366,0.0032888390305540315,0.0002696956008476361,0.18818346534919128,10,2024-04-23,2024-07-18
2024-07-22,0.006893863640103352,0.0030298316551823578,0.0002769212101385435,0.17014767632463243,10,2024-04-24,2024-07-19
2024-07-23,0.004000822877037678,0.0034085123486140697,0.0002710453542398462,0.19498335001833042,10,2024-04-25,2024-07-22
2024-07-24,-0.03251748571766135,0.0034473440855482726,0.00027102664443751225,0.19734882411569854,10,2024-04-26,2024-07-23
2024-07-25,-0.005515686564924821,0.0029057570752898175,0.00026642083819836164,0.16586677634976846,10,2024-04-29,2024-07-24
2024-07-26,0.014432168063717925,0.0029483681267044367,0.00026557834571727093,0.16874438146890944,10,2024-04-30,2024-07-25
2024-07-29,0.0028585132107374475,0.003474521175236184,0.00028901379931352245,0.19270766151400673,10,2024-05-01,2024-07-26
2024-07-30,5.7176168419038084e-05,0.003670748515175648,0.0002587516353719853,0.21586397282936912,10,2024-05-02,2024-07-29
2024-07-31,0.008953514348832308,0.003513826701766942,0.0002888561979138859,0.1950728907090717,10,2024-05-03,2024-07-30
2024-08-01,-0.014148996947979341,0.0035303399362114256,0.00025321650796798756,0.2093868957783873,10,2024-05-06,2024-07-31
2024-08-02,-0.014446699716468996,0.002900901173997226,0.00024172019705411555,0.17382305480117952,10,2024-05-07,2024-08-01
2024-08-05,-0.022985942596836208,0.0026645990002274267,0.00023823435794781737,0.15978046500867168,10,2024-05-08,2024-08-02
2024-08-06,0.03438036449749033,0.0016209234773298302,0.00025230481681471956,0.08955560914664727,10,2024-05-09,2024-08-05
2024-08-07,-0.01864988039031295,0.0023721668332143927,0.0002251954853367866,0.1448540287084813,10,2024-05-10,2024-08-06
2024-08-08,0.005909647668947966,0.0010171539289883568,6.474583847093928e-05,0.10175147798002941,12,2024-05-13,2024-08-07
2024-08-09,-0.008464525723005198,0.00139779545368603,6.425495983310691e-05,0.14962510446257485,11,2024-05-14,2024-08-08
2024-08-12,-0.010784668294400621,0.0011914503180929556,6.376485209873912e-05,0.12435836902771329,12,2024-05-15,2024-08-09
2024-08-13,0.02886813522869575,0.001537532648474627,0.00018268374954298844,0.09907624046401459,10,2024-05-16,2024-08-12
2024-08-14,-0.0056729101868669375,0.002845281975288534,0.00034821382889748954,0.14184351448812307,10,2024-05-17,2024-08-13
2024-08-15,0.019460559281507944,0.0024716604121266003,0.0003554149841591234,0.12058100351830917,10,2024-05-20,2024-08-14
2024-08-16,0.004725764466229885,0.0027401245028213844,0.00036036740478571797,0.13389166817908557,10,2024-05-21,2024-08-15
2024-08-19,-0.00311485789784331,0.002894580875673947,0.0003595512551733952,0.14218918716535936,10,2024-05-22,2024-08-16
2024-08-20,0.006527379180645902,0.0014252777455057127,5.9667328284634614e-05,0.15882852113433157,12,2024-05-23,2024-08-19
2024-08-21,0.010649367135058489,0.0017236924876371056,5.773115567539863e-05,0.20074483694076975,12,2024-05-24,2024-08-20
2024-08-22,-0.0033387561949104606,0.0017329296855843406,5.7236281883373474e-05,0.20283177339004183,12,2024-05-28,2024-08-21
2024-08-23,0.0007769004603453035,0.0017486086960943363,5.624199425053253e-05,0.2067075072227975,11,2024-05-29,2024-08-22
2024-08-26,0.00018235851337591204,0.001911474969825549,5.627210418364301e-05,0.22836343499683934,13,2024-05-30,2024-08-23
2024-08-27,0.0017486109668949546,0.0018682073334907083,5.644924518628663e-05,0.22224601677536002,12,2024-05-31,2024-08-26
2024-08-28,-0.007646721497909042,0.0016900658646404538,5.331797343945701e-05,0.2042824375680271,12,2024-06-03,2024-08-27
2024-08-29,0.013513762535189159,0.0028785205446961084,0.0002449451710244375,0.17124497104918232,10,2024-06-04,2024-08-28
2024-08-30,0.007219704950500552,0.0012898103819074466,5.00906419019959e-05,0.15420722534182246,12,2024-06-05,2024-08-29
2024-09-03,-0.006158849840868144,0.0013576022068769345,4.973832827062885e-05,0.16436481053826715,12,2024-06-06,2024-08-30
2024-09-04,0.005485187933176726,0.0011691334390273754,5.0526085264964154e-05,0.1365640781771327,12,2024-06-07,2024-09-03
2024-09-05,-0.001082602080690901,0.0015220707278167684,5.123701344849302e-05,0.18492000170232553,11,2024-06-10,2024-09-04
2024-09-06,-0.005796118304872753,0.0015294616829005451,4.935281511392824e-05,0.18946895821329246,12,2024-06-11,2024-09-05
2024-09-09,0.005562908636021717,0.0013915186224765757,4.924500987694185e-05,0.1700191659869168,12,2024-06-12,2024-09-06
2024-09-10,0.005179455351073334,0.0015411390231243182,4.948178094963299e-05,0.190881938209929,12,2024-06-13,2024-09-09
2024-09-11,-0.0017520920273670997,0.0017168089502169709,4.920592879502222e-05,0.21645937488868597,12,2024-06-14,2024-09-10
2024-09-12,0.005003804908045625,0.0017278806232326664,4.927962725954071e-05,0.21787462885627087,12,2024-06-17,2024-09-11
2024-09-13,0.007938600200756216,0.0017334920617409816,4.9452502095059153e-05,0.218291433151835,12,2024-06-18,2024-09-12
2024-09-16,0.006310219831753061,0.0019111336785340924,4.847867812858869e-05,0.24598647368583718,12,2024-06-20,2024-09-13
2024-09-17,-0.002779805554600558,0.001959966710589962,4.811124204417693e-05,0.25396430088166233,12,2024-06-21,2024-09-16
2024-09-18,-0.002210459508055475,0.0018602926908948341,5.0433330324179925e-05,0.23401345549210914,11,2024-06-24,2024-09-17
2024-09-19,0.012361846781784043,0.0018644652283426807,5.184645582121335e-05,0.23138177454606867,11,2024-06-25,2024-09-18
2024-09-20,0.0027533092593407978,0.0019940830854456326,5.064945048636126e-05,0.2523127781752784,12,2024-06-26,2024-09-19
2024-09-23,0.0047598754463321034,0.0020600000605049858,5.155433574328328e-05,0.259269134643198,12,2024-06-27,2024-09-20
2024-09-24,0.008361129572158236,0.0021684205552931347,5.157019444632638e-05,0.27432700858549475,12,2024-06-28,2024-09-23
2024-09-25,-0.0019905034853256796,0.0027094664370070384,5.7377499349476824e-05,0.3315012672718373,12,2024-07-01,2024-09-24
2024-09-26,0.0037945654986155505,0.0027901690791369295,5.379075614983564e-05,0.3533786813646831,12,2024-07-02,2024-09-25
2024-09-27,-0.005470115573128052,0.003127217069370758,6.511958165533885e-05,0.3629397683502537,11,2024-07-03,2024-09-26
2024-09-30,-6.682376617818949e-05,0.0029921676591362135,6.617864346082197e-05,0.3434229986024804,11,2024-07-05,2024-09-27
2024-10-01,-0.0035939496784029774,0.0028820477143747933,6.603099095993212e-05,0.33025510310099054,12,2024-07-08,2024-09-30
2024-10-02,-0.00408016002428224,0.003014823748607877,6.526210830974117e-05,0.3486305847914879,11,2024-07-09,2024-10-01
2024-10-03,-0.0051945219819788495,0.003074202786204085,6.412498959716544e-05,0.35912325042018556,11,2024-07-10,2024-10-02
2024-10-04,0.004295808673310275,0.002868628985578607,6.403928677521064e-05,0.33367463337189296,12,2024-07-11,2024-10-03
2024-10-07,-0.013903027203801111,0.0028838420536756574,6.431001094775046e-05,0.33486860645479616,12,2024-07-12,2024-10-04
2024-10-08,0.00840034542206484,0.002559707031244021,6.319382939328439e-05,0.297038527054406,11,2024-07-15,2024-10-07
2024-10-09,0.005719198788609898,0.00272578331791639,5.78101442278336e-05,0.3324045045016804,12,2024-07-16,2024-10-08
2024-10-10,-0.001680992427674632,0.0026378178309907443,5.7389269673055265e-05,0.32200942138029975,11,2024-07-17,2024-10-09
2024-10-11,0.0042786081990897964,0.002659515948897905,5.852601854655173e-05,0.3217031682656895,11,2024-07-18,2024-10-10
2024-10-14,0.007269783592838531,0.0028918429894769096,5.8082925950853505e-05,0.3534121623837216,12,2024-07-19,2024-10-11
2024-10-15,0.003914537163274157,0.00295822255409975,5.701601918462669e-05,0.3654943851220901,12,2024-07-22,2024-10-14
2024-10-16,-0.001310050952585324,0.0029540783872659755,5.688166312327566e-05,0.3653763054668136,11,2024-07-23,2024-10-15
2024-10-17,-0.0014084257797705943,0.0028731807336716724,5.4271558371744155e-05,0.3630780317975985,12,2024-07-24,2024-10-16
2024-10-18,0.007444625854657996,0.0030529352923243636,5.407375397400818e-05,0.3881863129765421,12,2024-07-25,2024-10-17
2024-10-21,-0.002976727127927554,0.00341246882988609,5.35636430677886e-05,0.439155572110843,12,2024-07-26,2024-10-18
2024-10-22,0.0015464917044714808,0.003240628480013091,5.3306630793204306e-05,0.4166768688004255,12,2024-07-29,2024-10-21
2024-10-23,-0.025141467077780713,0.0028184667485262375,4.509673770321525e-05,0.39015545290197967,12,2024-07-30,2024-10-22
2024-10-24,0.003206093582370794,0.002264169884890608,4.855432027368758e-05,0.2964594692141708,12,2024-07-31,2024-10-23
2024-10-25,-0.006093094146404297,0.002168546016731391,4.8132042930024735e-05,0.28397392343439387,12,2024-08-01,2024-10-24
2024-10-28,0.008959878115919351,0.0018657854443939917,4.123367063389787e-05,0.25966098064048626,11,2024-08-02,2024-10-25
2024-10-29,-0.005736152312809721,0.0017543987888568164,3.5691854807250334e-05,0.26044807044205237,11,2024-08-05,2024-10-28
2024-10-30,-0.006104142536290737,0.0023069226698572967,3.5827063697434264e-05,0.35226544521571823,10,2024-08-06,2024-10-29
2024-10-31,-0.008319515807485694,0.0021055118362341353,3.615280118035557e-05,0.31717743756651684,14,2024-08-07,2024-10-30
2024-11-01,0.004492808859753124,0.002306276747396805,3.526062048840886e-05,0.35497487441817865,11,2024-08-08,2024-10-31
2024-11-04,-0.0018006852134341263,0.00228955356982721,3.501915743647955e-05,0.35337061855408536,12,2024-08-09,2024-11-01
2024-11-05,0.00823329167464438,0.0021606954840398167,3.50113963544815e-05,0.33163233641560885,11,2024-08-12,2024-11-04
2024-11-06,-0.00046348512618289115,0.002133844028235571,3.11703451076789e-05,0.34666257115699867,11,2024-08-13,2024-11-05
2024-11-07,0.017990653623359845,0.0023933307260553755,3.7810634710144854e-05,0.3569532287222697,12,2024-08-14,2024-11-06
2024-11-08,0.0007788761618304001,0.0025498218699883876,3.8995747081097366e-05,0.3765473351082602,12,2024-08-15,2024-11-07
2024-11-11,0.02372170487033992,0.002640436162900949,4.4665442825409134e-05,0.36539618111389,13,2024-08-16,2024-11-08
2024-11-12,0.004472469430887762,0.0027892390624596887,4.556302439812974e-05,0.383823913530961,15,2024-08-19,2024-11-11
2024-11-13,0.020187312703354637,0.002774480881854089,4.5484173180402324e-05,0.3819681885704029,14,2024-08-20,2024-11-12
2024-11-14,0.0001558837988319098,0.0028004410512386087,4.445543813583042e-05,0.39025598357369784,14,2024-08-21,2024-11-13
2024-11-15,-0.03203131878281683,0.0026728435078350863,4.4537975049356086e-05,0.3707746846094659,14,2024-08-22,2024-11-14
2024-11-18,0.010947209358604403,0.002224828856526762,4.63415890686947e-05,0.29767555530342577,16,2024-08-23,2024-11-15
2024-11-19,0.005957296752609795,0.0023047760586321145,4.6465710066477875e-05,0.3090060597469668,16,2024-08-26,2024-11-18
2024-11-20,0.0006859985510799617,0.0023479366174430014,4.6101610837229666e-05,0.31658054730125834,16,2024-08-27,2024-11-19
2024-11-21,0.006014026028678806,0.002328789267065225,4.5721054140243454e-05,0.3150636158562591,15,2024-08-28,2024-11-20
2024-11-22,0.011382401837902501,0.002749664656203806,4.665466106134923e-05,0.3735130889240735,13,2024-08-29,2024-11-21
2024-11-25,0.00538401761282724,0.0029064310830676805,4.973240050348213e-05,0.3840005894828884,13,2024-08-30,2024-11-22
2024-11-26,-0.0014294057598004846,0.0029030587539253094,4.9451562963132374e-05,0.3846098669821658,13,2024-09-03,2024-11-25
2024-11-27,-0.001374233097837325,0.0030456433590897686,4.792640782501236e-05,0.41127774150910146,15,2024-09-04,2024-11-26
2024-11-29,0.004639842900449948,0.0029373187459733434,4.748722812721096e-05,0.3974556898305179,14,2024-09-05,2024-11-27
2024-12-02,0.013335084626896435,0.0030518621234478242,4.743418395957918e-05,0.41430908474678896,17,2024-09-06,2024-11-29
2024-12-03,0.0015493029875368982,0.003556664997760409,4.745336288556775e-05,0.48750583360893274,12,2024-09-09,2024-12-02
2024-12-04,0.011963882828672171,0.003765356320240789,5.2352160403568116e-05,0.49297958500875566,12,2024-09-10,2024-12-03
2024-12-05,0.0010128350661309635,0.0037897691835891926,5.153583824009744e-05,0.5002692834286275,13,2024-09-11,2024-12-04
2024-12-06,0.014162091938132207,0.00355538471370228,4.766649908662522e-05,0.4862292562114496,12,2024-09-12,2024-12-05
2024-12-09,-0.016064572287058387,0.003675314854045322,4.901221772279654e-05,0.4966383884856413,11,2024-09-13,2024-12-06
2024-12-10,-0.005989509970017939,0.003200660312731415,5.1483497823826956e-05,0.41842004282913614,12,2024-09-16,2024-12-09
2024-12-11,0.01351740495548573,0.0028185159399613216,4.9290448015260575e-05,0.3731960302584184,12,2024-09-17,2024-12-10
2024-12-12,-0.005828852322723975,0.0029700639777326004,4.9569140347322494e-05,0.3936705146627693,12,2024-09-18,2024-12-11
2024-12-13,-0.003912823339194109,0.0028834529733519714,4.8602619984670394e-05,0.38514206767224146,13,2024-09-19,2024-12-12
2024-12-16,0.004688400795280294,0.00264781744169239,4.705287144556669e-05,0.35708160839455594,12,2024-09-20,2024-12-13
2024-12-17,-0.004651956096788356,0.0026518532119388853,4.49561626457244e-05,0.3659155865638035,13,2024-09-23,2024-12-16
2024-12-18,-0.0279774423343935,0.0025011438969512207,4.50737769757562e-05,0.342989845695214,12,2024-09-24,2024-12-17
2024-12-19,0.010463277895571653,0.006165205523565185,0.0006685197368312333,0.23077238602470657,10,2024-09-25,2024-12-18
2024-12-20,0.027146416954388148,0.006727871128593149,0.0006537989986095323,0.2553612726366422,10,2024-09-26,2024-12-19
2024-12-23,-0.011301301881952525,0.007301352841574313,0.0006572134740240777,0.2770670775304664,10,2024-09-27,2024-12-20
2024-12-24,0.022267438768890504,0.007168724327533874,0.0006540697513943376,0.2725462186010302,10,2024-09-30,2024-12-23
2024-12-26,0.009498539207183056,0.007710889779639731,0.0006525308469009406,0.2940916100644738,10,2024-10-01,2024-12-24
2024-12-27,-0.027265199184732924,0.008222600544636064,0.0007849507906625546,0.28640452139713724,10,2024-10-02,2024-12-26
2024-12-30,-0.019459230723270413,0.007678043597407397,0.0008079092896943713,0.2631472674341374,10,2024-10-03,2024-12-27
2024-12-31,-0.016238934743915592,0.007565405405419184,0.0008133050480803303,0.25832325504353226,10,2024-10-04,2024-12-30
2025-01-02,0.03582960320086284,0.006951470051541805,0.000676240243843519,0.2596868331298017,10,2024-10-07,2024-12-31
2025-01-03,0.021531184714708093,0.007943929894461214,0.0006672691063474541,0.2998471406506092,10,2024-10-08,2025-01-02
2025-01-06,0.010754921556980143,0.007945174923954487,0.0006724382168058146,0.2987404498426609,10,2024-10-09,2025-01-03
2025-01-07,-0.02012554190698195,0.008046587134428997,0.0006723270967739549,0.30267624542974114,10,2024-10-10,2025-01-06
2025-01-08,-0.017314201865345283,0.007882175785059987,0.0006733968063192189,0.29610002083657,10,2024-10-11,2025-01-07
2025-01-10,-0.005212724724140343,0.007165378413122156,0.0005419675186831542,0.29926576780178527,10,2024-10-14,2025-01-08
2025-01-13,-0.014448678665922006,0.0066714834860015565,0.0005025800541972886,0.2887405171648416,10,2024-10-15,2025-01-10
2025-01-14,0.026045114788453307,0.0065607829977076685,0.0005331458617463272,0.27554714711918354,10,2024-10-16,2025-01-13
2025-01-15,0.008508276796614664,0.006817858596670444,0.0005339496762915456,0.2864649362916152,10,2024-10-17,2025-01-14
2025-01-16,0.017762434228541648,0.007243381536534615,0.000529871578265291,0.30605097122281577,10,2024-10-18,2025-01-15
2025-01-17,-0.004231718241964722,0.007347528081696419,0.0005381063369950457,0.3081897931089853,10,2024-10-21,2025-01-16
2025-01-21,0.0028858010691329428,0.007194293544273723,0.0005402585580227184,0.300982728251986,10,2024-10-22,2025-01-17
2025-01-22,0.0028297047600778563,0.007289063128192655,0.000513591128809115,0.3128796494705098,10,2024-10-23,2025-01-21
2025-01-23,0.01250918884707192,0.007539577567401831,0.0005014005101217129,0.3278480387347953,10,2024-10-24,2025-01-22
2025-01-24,-0.003631722178162309,0.007527356393964632,0.0005012676811617985,0.327345617485676,10,2024-10-25,2025-01-23
2025-01-27,-0.008995809079721705,0.007311271331889208,0.00050323438045484,0.31707282594822284,10,2024-10-28,2025-01-24
2025-01-28,0.013556277493396853,0.0069906671907838435,0.0005074487912004213,0.3015211887233623,10,2024-10-29,2025-01-27
2025-01-29,0.023425567776827017,0.007309668334411197,0.0005054473751784612,0.3163066453993178,10,2024-10-30,2025-01-28
2025-01-30,0.020218506324297624,0.007998429465080179,0.0004985952782032743,0.34931839304671874,10,2024-10-31,2025-01-29
2025-01-31,-0.020265364252037617,0.00802332318749729,0.0006022874588242465,0.3188434255614243,10,2024-11-01,2025-01-30
2025-02-03,0.00035294145033945047,0.007610005897027072,0.000606251069100073,0.30101304263449014,10,2024-11-04,2025-01-31
2025-02-04,0.0374354919967721,0.007714462516395522,0.00048653183288927795,0.34074855102790946,10,2024-11-05,2025-02-03
2025-02-05,0.011288062087668978,0.008072908085456833,0.0005002799393162535,0.3520595963725311,10,2024-11-06,2025-02-04
2025-02-06,0.005896637584754193,0.007743680744300858,0.00047557329548687425,0.3459919072074949,10,2024-11-07,2025-02-05
2025-02-07,0.003515070137434617,0.00599560349868149,0.00028778347410722603,0.3417312272460517,10,2024-11-08,2025-02-06
2025-02-10,0.01866313702690065,0.006776671815372282,0.0007455665751862158,0.24091717381082753,10,2024-11-11,2025-02-07
2025-02-11,-0.010614858709096437,0.005644822837973051,0.0003508377879492148,0.2907750628212897,10,2024-11-12,2025-02-10
2025-02-12,0.0015746166123708663,0.0022847437681707767,5.727806939120216e-05,0.27566970041503436,11,2024-11-13,2025-02-11
2025-02-13,0.033677033635259826,0.002229591801928176,5.713797302543274e-05,0.26871121914737295,13,2024-11-14,2025-02-12
2025-02-14,-0.008254855300927073,0.007053689464904933,0.0005587765677186411,0.29000527564795553,10,2024-11-15,2025-02-13
2025-02-18,-0.0022560290842283974,0.0024788009232272657,5.58707131815538e-05,0.30508206436639373,13,2024-11-18,2025-02-14
2025-02-19,-0.005548195159064831,0.0067808209631203915,0.00046746552326268077,0.30444582323829467,10,2024-11-19,2025-02-18
2025-02-20,-0.017988892855654765,0.006297721287322484,0.0004650924572659875,0.28282054607332113,10,2024-11-20,2025-02-19
2025-02-21,-0.0052327038202891205,0.0021476389153641615,5.79162253317954e-05,0.2561309814849103,13,2024-11-21,2025-02-20
2025-02-24,-0.00542644467786918,0.0020859864438635026,5.735459731352135e-05,0.24924118352814376,13,2024-11-22,2025-02-21
2025-02-25,-0.0015315412535675211,0.0019143186785378187,5.768155133934061e-05,0.2259305793630874,13,2024-11-25,2025-02-24
2025-02-26,-0.004430798746696857,0.0016969167591503642,5.523363892753579e-05,0.20163043637789207,14,2024-11-26,2025-02-25
2025-02-27,0.0015322168144172158,0.0017134757837145179,5.91796056140353e-05,0.1969448722247679,13,2024-11-27,2025-02-26
2025-02-28,0.018061611359418497,0.0018302731457551583,6.164537632479057e-05,0.20784173380783943,13,2024-11-29,2025-02-27
2025-03-03,-0.009062839308484342,0.0018980464263882043,6.195696027108905e-05,0.21592865724420315,13,2024-12-02,2025-02-28
2025-03-04,-0.007197582009540555,0.0015854190679110338,6.21014676785433e-05,0.17600601815417694,14,2024-12-03,2025-03-03
2025-03-05,0.009365009819035253,0.001407053426170267,6.189777983754122e-05,0.15362421728166079,14,2024-12-04,2025-03-04
2025-03-06,-0.022425227715350684,0.0014877387005043118,6.209504736039372e-05,0.16361919605301659,14,2024-12-05,2025-03-05
2025-03-07,-0.001957355590530077,0.0024487188468840506,0.00047953882130490126,0.10276133060379478,10,2024-12-06,2025-03-06
2025-03-10,-0.02130917975530519,0.001233092738250691,7.083176094210143e-05,0.12293967098830128,12,2024-12-09,2025-03-07
2025-03-11,-0.01172806204806632,0.0008428323164255778,7.132463553511948e-05,0.07630429206953754,11,2024-12-10,2025-03-10
2025-03-12,0.013075856162980414,0.002049250312962154,0.0005242857734662544,0.08083217756348678,10,2024-12-11,2025-03-11
2025-03-13,-0.021759174877575498,0.0021538718996308103,0.0006009211715338986,0.07977007582059194,10,2024-12-12,2025-03-12
2025-03-14,0.03831541350135525,0.0018150637505838444,0.0006225614171832001,0.06479256699756726,10,2024-12-13,2025-03-13
2025-03-17,0.00949334825502907,0.0025357343566196834,0.0006439077675481517,0.09210997185851864,10,2024-12-16,2025-03-14
2025-03-18,-0.017299690315419936,0.0025978437634100312,0.0004844901310919231,0.1090098665030788,10,2024-12-17,2025-03-17
2025-03-19,0.032389307194154886,0.002688347011987726,0.0006255000392623845,0.099557553958764,10,2024-12-18,2025-03-18
2025-03-20,0.00048209910659966897,0.001651271906652599,8.110954456687769e-05,0.16131975139766588,11,2024-12-19,2025-03-19
2025-03-21,0.0035879725848156655,0.001756893575317023,8.143858179450586e-05,0.17269762771193534,11,2024-12-20,2025-03-20
2025-03-24,0.020423376789996322,0.0035644802346595514,0.0003951727270695498,0.16932821926156258,10,2024-12-23,2025-03-21
2025-03-25,0.004177792900864835,0.0017554932259074994,8.159381133855866e-05,0.17237824656459208,11,2024-12-24,2025-03-24
2025-03-26,0.0007471275030169994,0.0017504150889040512,8.358388334846519e-05,0.16975833566534093,11,2024-12-26,2025-03-25
2025-03-27,0.0008059019371159178,0.0017976246758321596,8.71749905590977e-05,0.17128134894949057,11,2024-12-27,2025-03-26
2025-03-28,-0.01749838391221842,0.001927422449778871,8.70947981870544e-05,0.18526839082478355,11,2024-12-30,2025-03-27
2025-03-31,0.006733447562663595,0.0017662385515448955,8.741793280717783e-05,0.1676862878870543,11,2024-12-31,2025-03-28
2025-04-01,0.010072363720051821,0.001895170077887658,8.895277504914743e-05,0.17990365694678576,11,2025-01-02,2025-03-31
2025-04-02,0.0031706282405177693,0.001969156607740884,8.803820090421434e-05,0.18872097540876856,11,2025-01-03,2025-04-01
2025-04-03,-0.00760842923321619,0.0018997069130039844,8.81321540861548e-05,0.18122254619091735,11,2025-01-06,2025-04-02
2025-04-04,-0.06269966742356163,0.0019095680134178753,8.34969036135288e-05,0.18726397620377003,12,2025-01-07,2025-04-03
2025-04-07,1.5040478182637602e-05,0.0024958553843378328,0.0006173401414005488,0.09246607553571143,10,2025-01-08,2025-04-04
2025-04-08,-0.027041292048331538,0.002548231408995936,0.0006169056920064205,0.09460736945339338,10,2025-01-10,2025-04-07
2025-04-09,0.08628054402717199,0.0028933459535062803,0.0006460791427485676,0.10602423592360884,10,2025-01-13,2025-04-08
2025-04-10,-0.02193756324092841,0.004269784160660852,0.0008059778524089181,0.14340991311639256,10,2025-01-14,2025-04-09
2025-04-11,0.00989493722689037,0.003890886285513016,0.0007722001240751574,0.1328778101691165,10,2025-01-15,2025-04-10
2025-04-14,0.004889190008581598,0.0037968806972495986,0.0007304928968265951,0.1331403347681658,10,2025-01-16,2025-04-11
2025-04-15,2.6807914182028583e-06,0.003770734985271663,0.0007412162694623714,0.13121339114688754,10,2025-01-17,2025-04-14
2025-04-16,-0.013344693474928821,0.003907497219423935,0.0007669895124756578,0.1339281949553994,10,2025-01-21,2025-04-15
2025-04-17,0.015596702495727713,0.0037779437089297207,0.0008142473408110006,0.125443439472611,10,2025-01-22,2025-04-16
2025-04-21,-0.024397027993894177,0.004253169929685364,0.0008116611684686581,0.14232378042148408,10,2025-01-23,2025-04-17
2025-04-22,0.039706768673182104,0.003962876406312781,0.0007826905757501866,0.13455754683281115,10,2025-01-24,2025-04-21
2025-04-23,-6.848484144615386e-05,0.0044210427058269264,0.0008029770800162694,0.14901550315980133,10,2025-01-27,2025-04-22
2025-04-24,0.00316791067412979,0.004388451280350923,0.0008031390865876446,0.14785044611167233,10,2025-01-28,2025-04-23
2025-04-25,0.0018363044252957554,0.004587959605097012,0.0008088284015126813,0.15434462016299236,10,2025-01-29,2025-04-24
2025-04-28,-0.011228198292586304,0.004364283858715324,0.0008071888565169131,0.14662845341946654,10,2025-01-30,2025-04-25
2025-04-29,-0.0005054799102550746,0.003949928206727746,0.0008097520476854111,0.13183499805645624,10,2025-01-31,2025-04-28
2025-04-30,0.0010303224100040472,0.00429467458568642,0.0007992552758437106,0.14489218353377525,10,2025-02-03,2025-04-29
2025-05-01,-0.002541872917474802,0.0046464472837305995,0.0008032025163790899,0.15694794139806303,10,2025-02-04,2025-04-30
2025-05-02,-0.009269742882422794,0.004763476496993469,0.0008006584275321585,0.16133300020511152,10,2025-02-05,2025-05-01
2025-05-05,-0.0061044034106715935,0.004854590911552334,0.000768223581507787,0.16799090731631386,10,2025-02-06,2025-05-02
2025-05-06,0.015612269679291323,0.004914685864908749,0.0007667560089451114,0.17032184614173934,10,2025-02-07,2025-05-05
2025-05-07,0.007914648017921527,0.004944717451931151,0.0007355050152356665,0.1750099736423389,10,2025-02-10,2025-05-06
2025-05-08,-0.009113502276968282,0.005094578289390064,0.0007350170810561319,0.1805956893819051,10,2025-02-11,2025-05-07
2025-05-09,0.020635562914038362,0.004935791507351188,0.0007872417710466449,0.16884338355147496,11,2025-02-12,2025-05-08
2025-05-12,0.013599109993272858,0.005492054224780611,0.0007857095638755287,0.1888528343407045,10,2025-02-13,2025-05-09
2025-05-13,0.008397718254128413,0.005072872346039743,0.0007452327901670047,0.1785584881608761,10,2025-02-14,2025-05-12
2025-05-14,0.015897358723921794,0.005320694968118834,0.0007685680129181849,0.1847661258896253,10,2025-02-18,2025-05-13
2025-05-15,0.008523509379066487,0.005449709781330915,0.0008376272406844737,0.18144340635416678,10,2025-02-19,2025-05-14
2025-05-16,0.007725014902388816,0.004727326091925126,0.0007981369735019152,0.16030803815818656,10,2025-02-20,2025-05-15
2025-05-19,-0.016596467877052223,0.005084316540543931,0.0007924079555686928,0.17356833620898293,10,2025-02-21,2025-05-16
2025-05-20,0.005246477957959621,0.0034133718262218927,0.0006053471029272151,0.13066919636595292,10,2025-02-24,2025-05-19
2025-05-21,-0.017665599666817692,0.003793761929351599,0.0005948219419160667,0.1474170070142649,10,2025-02-25,2025-05-20
2025-05-22,-0.00042035201997476265,0.0042377108048538455,0.0005631945266655231,0.17020671558110315,10,2025-02-26,2025-05-21
2025-05-23,0.005328785386641776,0.0041680324771950494,0.0005635534820812474,0.16721735139044222,10,2025-02-27,2025-05-22
2025-05-27,0.02779472745499809,0.004455470761545857,0.0005268564432050919,0.18546562353502571,10,2025-02-28,2025-05-23
2025-05-28,-0.026009188500102677,0.004747488358782741,0.0005867886379235482,0.18779425851300444,10,2025-03-03,2025-05-27
2025-05-29,0.09939272049445892,0.004994499656190438,0.0007430296960001296,0.1759478488574427,10,2025-03-04,2025-05-28
2025-05-30,0.021588766146788885,0.006679113070452545,0.0008905477613290432,0.21716675061805552,10,2025-03-05,2025-05-29
2025-06-02,0.008770884283367721,0.006913689982584434,0.0009664621198784837,0.21600884280164054,10,2025-03-06,2025-05-30
2025-06-03,0.00643841255441121,0.007497603270670187,0.001045286669773593,0.22576519780414483,10,2025-03-07,2025-06-02
2025-06-04,0.014319404224466415,0.0070484745447901755,0.0010336083559086202,0.21306714443789715,10,2025-03-10,2025-06-03
2025-06-05,0.01400572432679066,0.0075500125440945975,0.0008697456486872712,0.24927901858420856,10,2025-03-11,2025-06-04
2025-06-06,0.014888537790595213,0.007846274773910896,0.001142478325197719,0.2262643128839713,10,2025-03-12,2025-06-05
2025-06-09,-0.005538893676749802,0.007977038646082598,0.001071589354194323,0.23762311866814453,10,2025-03-13,2025-06-06
2025-06-10,0.0012064456554984127,0.00868187772623252,0.0010926829892992757,0.2566410842959652,10,2025-03-14,2025-06-09
2025-06-11,0.030133510598933988,0.007722493143294154,0.0010503147933551373,0.23216336383828143,10,2025-03-17,2025-06-10
2025-06-12,0.0083576567773857,0.008273664825515807,0.0010563488888203194,0.24845766510597295,10,2025-03-18,2025-06-11
2025-06-13,-0.012279990562389282,0.008897527562318602,0.0009870798642385038,0.2768846740567443,10,2025-03-19,2025-06-12
2025-06-16,0.021541271391021227,0.008332312563149813,0.0009917239123300701,0.2582875231787731,10,2025-03-20,2025-06-13
2025-06-17,-0.002391279433137255,0.008849118758957735,0.0009889281525362866,0.275086440593811,10,2025-03-21,2025-06-16
2025-06-18,-0.005972536402841096,0.008428552681350093,0.0009876717571086142,0.2618791382024962,10,2025-03-24,2025-06-17
2025-06-20,-0.009253888822789796,0.007890762396976685,0.0009473033249710026,0.24992775438726633,10,2025-03-25,2025-06-18
2025-06-23,0.018244956795448738,0.007610713001349128,0.0009522813488431505,0.24019854118824466,10,2025-03-26,2025-06-20
2025-06-24,0.008955418515357002,0.00821997640458675,0.000985808783456403,0.25548340396263464,10,2025-03-27,2025-06-23
2025-06-25,0.004831981133616157,0.008402271375328486,0.0010237371637305175,0.25640349128115264,10,2025-03-28,2025-06-24
2025-06-26,0.007407762679431195,0.00877731055737261,0.0010122884364735768,0.26963692010267165,10,2025-03-31,2025-06-25
2025-06-27,0.010683556380277959,0.009151322886643803,0.0010025689915722084,0.2827529159562086,10,2025-04-01,2025-06-26
2025-06-30,-0.0034982031684265276,0.008970631165902085,0.00099998050697454,0.2774046077620685,10,2025-04-02,2025-06-27
2025-07-01,-0.009365403617184987,0.008338145647541711,0.0009912046430838866,0.2585404446605261,10,2025-04-03,2025-06-30
2025-07-02,0.013998451238856287,0.010239726599234346,0.0009465011148573869,0.32638483929980366,10,2025-04-04,2025-07-01
2025-07-03,0.010773064923352388,0.011142677261085282,0.0009029717109768322,0.3642080236392463,10,2025-04-07,2025-07-02
2025-07-07,-0.016794597547868228,0.011295239489070191,0.0007066715940792386,0.41743608472382854,10,2025-04-08,2025-07-03
2025-07-08,-0.029107956655209433,0.011589502210992687,0.0006844882645910973,0.4353938192748999,10,2025-04-09,2025-07-07
2025-07-09,0.007994082499271523,0.00920729211793457,0.0005295475153036076,0.3914878651541441,10,2025-04-10,2025-07-08
2025-07-10,-0.015310485888873238,0.009992187357020562,0.0004895535254143095,0.4426393445509323,10,2025-04-11,2025-07-09
2025-07-11,-0.025420387748907078,0.009686073848824769,0.00048069655744335685,0.4327366290236552,10,2025-04-14,2025-07-10
2025-07-14,-0.0026675151213258943,0.009263459197655942,0.0005065962717823762,0.4027532369501055,10,2025-04-15,2025-07-11
2025-07-15,0.0014505050462701456,0.009261133044649835,0.000505635113363406,0.4030324032606277,10,2025-04-16,2025-07-14
2025-07-16,0.017927549906024624,0.009736122973355969,0.0004921789951201454,0.4299149881838317,10,2025-04-17,2025-07-15
2025-07-17,0.019510322352237756,0.009590429294817855,0.000498142103006275,0.42080629158764093,10,2025-04-21,2025-07-16
2025-07-18,0.003811343307359394,0.0035633634711217466,5.495663307705672e-05,0.45390884998280834,13,2025-04-22,2025-07-17
2025-07-21,-0.005354698942405059,0.0033841935213451673,4.5924712449969655e-05,0.47010261217340527,14,2025-04-23,2025-07-18
2025-07-22,0.00039582639156224633,0.0031621449574602096,4.601010391283728e-05,0.4369304920336364,14,2025-04-24,2025-07-21
2025-07-23,-0.004724483287554754,0.0031881812891283853,4.703840151718303e-05,0.43592451323149267,14,2025-04-25,2025-07-22
2025-07-24,-0.003311047344926601,0.0029753146195622008,4.7027063578039665e-05,0.4049362006451981,14,2025-04-28,2025-07-23
2025-07-25,0.004837769071263787,0.0030063580807555067,4.79959194723265e-05,0.4053092279773784,15,2025-04-29,2025-07-24
2025-07-28,0.0012586137862256866,0.0030536634129658935,4.8017369055632494e-05,0.4120453925484653,14,2025-04-30,2025-07-25
2025-07-29,-0.006535714296959244,0.002910593361594086,4.7086298710600054e-05,0.3952495027665288,14,2025-05-01,2025-07-28
2025-07-30,0.010789526276017793,0.0027109423005842064,4.5601178611575656e-05,0.3720687086843728,14,2025-05-02,2025-07-29
2025-07-31,0.005410355880457771,0.002712577885899067,4.550697451650293e-05,0.3726960764490855,12,2025-05-05,2025-07-30
2025-08-01,-0.05694877768895688,0.008554782793045035,0.00028224099938199915,0.49740209823928605,10,2025-05-06,2025-07-31
2025-08-04,0.02039402496262433,0.007709829303177876,0.0005096302091319384,0.3327317668315233,10,2025-05-07,2025-08-01
2025-08-05,-0.02612583867447606,0.008195106209956737,0.000357688415482767,0.4228224238254099,10,2025-05-08,2025-08-04
2025-08-06,0.028517909189169736,0.007654706965418503,0.0003772953104876054,0.38386837435141435,10,2025-05-09,2025-08-05
2025-08-07,-0.023264791992039093,0.008110897564610052,0.00038372012746894544,0.4039295261935009,10,2025-05-12,2025-08-06
2025-08-08,-0.017537014808621798,0.006899090138975665,0.0003430323046992513,0.361785535407657,10,2025-05-13,2025-08-07
2025-08-11,0.01758734839347603,0.006173229376768473,0.00027125777073462365,0.36277177323103404,10,2025-05-14,2025-08-08
2025-08-12,0.01458270067292361,0.006300163723563917,0.0003387210248122404,0.3315380685795044,10,2025-05-15,2025-08-11
2025-08-13,0.008831449199667012,0.006471096754984666,0.0003397613843219404,0.3403034894844855,10,2025-05-16,2025-08-12
2025-08-14,-0.013844414775431744,0.006581481697583959,0.0004957562806577148,0.2866786988352518,10,2025-05-19,2025-08-13
2025-08-15,-0.022880742016140793,0.006401021056631118,0.0005012622798277398,0.27703959623533425,10,2025-05-20,2025-08-14
2025-08-18,0.015999970435637657,0.006414531442212907,0.00035683804181050455,0.32906654089509957,10,2025-05-21,2025-08-15
2025-08-19,-0.022860921302884155,0.007332576623155771,0.00030599418621712584,0.40783687841532806,11,2025-05-22,2025-08-18
2025-08-20,0.005167442765815328,0.0068781379956379,0.00032066878484708996,0.37301840185801177,10,2025-05-23,2025-08-19
2025-08-21,0.00035968618803626935,0.006860998750719653,0.00032130040230169007,0.3716954066763338,10,2025-05-27,2025-08-20
2025-08-22,0.020075709902830616,0.006273436908109102,0.0003075626109971669,0.3464026780932077,10,2025-05-28,2025-08-21
2025-08-25,-0.014363440833793303,0.0070796621128612165,0.00029000504928979823,0.4040773590462993,10,2025-05-29,2025-08-22
2025-08-26,-0.0008264123332469498,0.006339163336466729,0.0003241031454821613,0.3410985212503348,10,2025-05-30,2025-08-25
2025-08-27,0.0018456913960013149,0.005906532808063254,0.00027941354694751235,0.341483222505853,10,2025-06-02,2025-08-26
2025-08-28,0.01124803674393152,0.0057650431638539505,0.000313234928043685,0.3145265404519482,10,2025-06-03,2025-08-27
2025-08-29,0.03653352669690862,0.005613119580504847,0.000318346901265428,0.30347619888346805,10,2025-06-04,2025-08-28
2025-09-02,-0.03386079831272239,0.00617511036993188,0.00039571285474374117,0.30044930679836407,10,2025-06-05,2025-08-29
2025-09-03,0.008194704138032832,0.005538136727999885,0.00030492653343640265,0.3057885372216526,10,2025-06-06,2025-09-02
2025-09-04,0.009174155935650293,0.005339224605305764,0.0002887853189822217,0.302513079042789,10,2025-06-09,2025-09-03
2025-09-05,-0.024296681206346826,0.005204657404784342,0.0003595600932385133,0.2640136186548188,10,2025-06-10,2025-09-04
2025-09-08,-0.014643877535483445,0.004824995303717898,0.00037323701373200843,0.23947929195721532,10,2025-06-11,2025-09-05
2025-09-09,0.01622527158308749,0.00436904330634277,0.0003810449167180223,0.2136552838769696,10,2025-06-12,2025-09-08
2025-09-10,-0.02006165064445648,0.004921490882437421,0.00037931151298747234,0.24250858644547502,10,2025-06-13,2025-09-09
2025-09-11,-0.009634098273995934,0.00488828679077485,0.0003813792958908239,0.24015001879774756,10,2025-06-16,2025-09-10
2025-09-12,0.005148381627706485,0.0042586868236939215,0.0003595435808149702,0.21413101891118805,10,2025-06-17,2025-09-11
2025-09-15,0.04116865930154586,0.00449089936215788,0.0003722067561856252,0.22249324301497245,10,2025-06-18,2025-09-12
2025-09-16,0.00036802371502820297,0.00498345640502934,0.00039386586885233185,0.24110806233377013,10,2025-06-20,2025-09-15
2025-09-17,0.005750132795735846,0.0017603774547628472,4.087093008147222e-05,0.24432278103287516,13,2025-06-23,2025-09-16
2025-09-18,-0.006182076446024092,0.004947002505236786,0.0003668021451193354,0.24794121224683266,10,2025-06-24,2025-09-17
2025-09-19,0.003933051673325249,0.0043795537839258795,0.00038231366382826906,0.21383801294276655,10,2025-06-25,2025-09-18
2025-09-22,-0.008141064174190334,0.0016875102115164148,4.41002358275585e-05,0.22423462561732915,13,2025-06-26,2025-09-19
2025-09-23,-0.041643401337977344,0.0041050397788345615,0.000384995496364104,0.19910131546107002,10,2025-06-27,2025-09-22
2025-09-24,-0.002184557894824894,0.0031690306083555493,0.0003301153451287722,0.16349856165771934,10,2025-06-30,2025-09-23
2025-09-25,-0.01669003597659695,0.003089350468952351,0.00033940524672562483,0.1569204211777386,10,2025-07-01,2025-09-24
2025-09-26,0.00989508168427023,0.003154044648450982,0.00034968399449116487,0.15805654087095486,10,2025-07-02,2025-09-25
2025-09-29,0.03229688459173478,0.0032281227275351545,0.00024751486319206736,0.19257522774233193,10,2025-07-03,2025-09-26
2025-09-30,-0.011505228831807447,0.0036428993303116637,0.00026133129774360143,0.21307318039620748,10,2025-07-07,2025-09-29
2025-10-01,-0.011436632383554742,0.0032731736946337003,0.00026424955373183787,0.18914907831473027,10,2025-07-08,2025-09-30
2025-10-02,0.0076436644183552945,0.0033913548975394365,0.0002478553459529074,0.2028111878394159,10,2025-07-09,2025-10-01
2025-10-03,-0.02148440062218661,0.0034452214919079667,0.00024094735905006145,0.20916818380692576,10,2025-07-10,2025-10-02
2025-10-06,0.010430474602832236,0.0033264633776478613,0.0002675129644101623,0.19124996354614854,10,2025-07-11,2025-10-03
2025-10-07,0.015207611197232625,0.0037913829369369484,0.0002648217250195125,0.22078868460728385,10,2025-07-14,2025-10-06
2025-10-08,0.020829276169200744,0.004037464357809096,0.0002713614316549938,0.23305042141832397,10,2025-07-15,2025-10-07
2025-10-09,0.006988285664289596,0.0044226833267996075,0.0002713786431211967,0.2564270862562925,10,2025-07-16,2025-10-08
2025-10-10,-0.05391676171703311,0.004518378881113917,0.0002620782764469579,0.26684854088682314,10,2025-07-17,2025-10-09
2025-10-13,0.009602241878580707,0.003475359246129628,0.00031853943230247296,0.1836063740805536,10,2025-07-18,2025-10-10
2025-10-14,0.008332354547948246,0.0034137227469212858,0.0003175356813873915,0.18043741157153573,10,2025-07-21,2025-10-13
2025-10-15,0.01394920341571501,0.0037978646666637856,0.00029659603530567553,0.20900357242718026,10,2025-07-22,2025-10-14
2025-10-16,0.005354775656956164,0.0038329482219072847,0.0002987600303322932,0.2102750127647544,10,2025-07-23,2025-10-15
2025-10-17,0.005247626975871869,0.0037678368477199915,0.00029829545026108933,0.20666876316546834,10,2025-07-24,2025-10-16
2025-10-20,-0.011026457370409562,0.0036365933741590267,0.0002968442343695913,0.1995558131608342,10,2025-07-25,2025-10-17
2025-10-21,-0.007380940480702301,0.0034905096057813592,0.00024524549980542947,0.2102190574566184,10,2025-07-28,2025-10-20
2025-10-22,-0.026826997694573695,0.003294387540292743,0.0003368962756506606,0.16867445499719977,10,2025-07-29,2025-10-21
2025-10-23,0.0045622947004514336,0.002969231514340376,0.00029453919589186346,0.16144945272793387,10,2025-07-30,2025-10-22
2025-10-24,0.005782323902155009,0.003157700289725157,0.0003701342818295242,0.1538181257274139,10,2025-07-31,2025-10-23
2025-10-27,-0.0031536336778143,0.0034728235263747167,0.0002779917472440396,0.1963890248009603,10,2025-08-01,2025-10-24
2025-10-28,-0.007115830101371692,0.0013151136803131085,3.8443503187007094e-05,0.18010485205036195,13,2025-08-04,2025-10-27
2025-10-29,-0.019449240119155962,0.0034249279314633604,0.0003621383310586459,0.16954948293337424,10,2025-08-05,2025-10-28
2025-10-30,-0.029026847306931055,0.0037214765847635206,0.00031778534211265803,0.19763032529301586,10,2025-08-06,2025-10-29
2025-10-31,0.0063758571773802316,0.0031891501386784853,0.0003085491511708962,0.1702613635323502,10,2025-08-07,2025-10-30
2025-11-03,-0.007907469109551972,0.002578479575638661,0.0003508264274723796,0.12706999347176767,10,2025-08-08,2025-10-31
2025-11-04,-0.011374597376523687,0.0023500909152799577,0.00034550241995813237,0.11575820240219713,10,2025-08-11,2025-11-03
2025-11-05,0.006869706110773401,0.0016612240087470025,0.00018155225770112926,0.10856441072303605,10,2025-08-12,2025-11-04
2025-11-06,-0.08627894246343697,0.0015355138579435485,0.00016740221594619518,0.10334361774152175,10,2025-08-13,2025-11-05
2025-11-07,-0.013131927226297649,0.0006667964234784026,0.00013535792042364465,0.0402587193614423,10,2025-08-14,2025-11-06
2025-11-10,0.005560335818171431,0.0007202000503203808,9.153918764445239e-05,0.054536845757170535,10,2025-08-15,2025-11-07
2025-11-11,0.017816222934160308,0.0007667794174577205,9.189010097578516e-05,0.05929175027648889,10,2025-08-18,2025-11-10
2025-11-12,-0.008507482866299447,0.0010866090731011557,9.661248678565482e-05,0.0903633579854012,10,2025-08-19,2025-11-11
2025-11-13,-0.031387259975575954,0.0012171896640468618,0.0003623647838005447,0.05351876986838201,10,2025-08-20,2025-11-12
2025-11-14,-0.008600602825972815,0.0009992461174094032,0.00010014872629435337,0.08002385495206547,10,2025-08-21,2025-11-13
2025-11-17,-0.006604658809438063,0.0009052096649971583,0.00010407366508830239,0.06928261130530307,10,2025-08-22,2025-11-14
2025-11-18,-0.00019151867490498385,0.0008138013785231362,7.468370947372076e-05,0.07120927396660881,10,2025-08-25,2025-11-17
2025-11-19,-0.006555331901566546,0.0010361214131407361,6.484059112801379e-05,0.10403262221251132,10,2025-08-26,2025-11-18
2025-11-20,-0.009674607726303658,0.0009508193585868402,7.105765858555737e-05,0.08925800578573768,10,2025-08-27,2025-11-19
2025-11-21,0.009130684035445768,0.000823614374951876,7.097955206785986e-05,0.07420847411248983,10,2025-08-28,2025-11-20
2025-11-24,0.004170930470523128,0.0009536292039471481,7.975639970008678e-05,0.08456461921145048,10,2025-08-29,2025-11-21
2025-11-25,0.01573125742233329,0.0010585237300724483,8.854882524759466e-05,0.09140356006361881,10,2025-09-02,2025-11-24
2025-11-26,0.004970505894296645,0.001230968284154442,9.306379224309516e-05,0.10703432217720209,10,2025-09-03,2025-11-25
2025-11-28,0.0021186148921037494,0.0012751243930245889,9.32786851726117e-05,0.11148288980209241,10,2025-09-04,2025-11-26
2025-12-01,0.0002845002006308995,0.0012750956948378593,9.330089498844145e-05,0.11146664897681517,10,2025-09-05,2025-11-28
2025-12-02,-0.008240109868703858,0.0017001078614566549,0.0001048129494098897,0.14668115013129945,10,2025-09-08,2025-12-01
2025-12-03,-0.001905834548331341,0.0014578716752237312,0.00011217179056223748,0.11891652121840929,10,2025-09-09,2025-12-02
2025-12-04,-0.006363237553819368,0.001456887104429993,0.00010256647928690374,0.12426294991622631,10,2025-09-10,2025-12-03
2025-12-05,0.014718699643062393,0.0015464323495341602,0.00011032844960241916,0.12833717094951577,10,2025-09-11,2025-12-04
2025-12-08,-0.014884374084291677,0.0016115857364810253,0.00014105877265110366,0.11898584218800483,10,2025-09-12,2025-12-05
2025-12-09,0.0033710557924968676,0.0015255854053813718,0.0002002925791722637,0.09377671371172791,10,2025-09-15,2025-12-08
2025-12-10,0.008131714649238137,0.001543829611731548,0.000191376168741867,0.0972552269863047,10,2025-09-16,2025-12-09
2025-12-11,-0.003304815318666987,0.0016685741937976053,0.00020311059062964087,0.10315701257609979,10,2025-09-17,2025-12-10
2025-12-12,0.04342884359824875,0.0015754296777087705,0.0001993138835403674,0.09753725221753065,10,2025-09-18,2025-12-11
2025-12-15,0.004948185523595219,0.0020812174734884713,0.00019284113484629423,0.13558306539823184,10,2025-09-19,2025-12-12
2025-12-16,0.0009368233876693155,0.002201340054702959,0.00019264647013371908,0.14430609254140314,10,2025-09-22,2025-12-15
2025-12-17,-0.0006415994782022704,0.0021059631639322994,0.00019217780094837127,0.13760189771027675,10,2025-09-23,2025-12-16
2025-12-18,0.026457218451972235,0.002128119123997161,0.0002354827890687158,0.12575106002651257,10,2025-09-24,2025-12-17
2025-12-19,-0.006596095924659963,0.0024696227406707325,0.00030200428734568515,0.1306925233161839,10,2025-09-25,2025-12-18
2025-12-22,0.0035392900287463946,0.002627733056371181,0.00029776749600650323,0.14078167973200656,10,2025-09-26,2025-12-19
2025-12-23,-0.009118722113486565,0.002567399276294309,0.00029742982269607797,0.137363181636805,10,2025-09-29,2025-12-22
2025-12-24,0.002938967473965105,0.00236140676157948,0.0003042927574730447,0.12399652580268121,10,2025-09-30,2025-12-23
2025-12-26,-0.0009851354617844638,0.002543837784681717,0.00030244281827348395,0.13486520762602272,10,2025-10-01,2025-12-24
2025-12-29,0.006195040702254621,0.00262796894664145,0.0003133646468944039,0.13724671433918226,10,2025-10-02,2025-12-26
2025-12-30,-0.01556959302929094,0.002534352182220402,0.00030070046404200696,0.13470835595954922,10,2025-10-03,2025-12-29
2025-12-31,-0.011635844528046042,0.002600595699215903,0.0002979890554784925,0.13915727957139049,10,2025-10-06,2025-12-30
2026-01-02,0.008853697365263926,0.002650734104309304,0.00027400244574826596,0.14814949203359448,10,2025-10-07,2025-12-31
2026-01-05,-0.006933343136684296,0.003041964436744088,0.0002691500346747306,0.17332607878459877,10,2025-10-08,2026-01-02
2026-01-06,0.029523614077529868,0.002900052795746588,0.00030209313527856095,0.15543795097407018,10,2025-10-09,2026-01-05
2026-01-07,-0.006375295096810823,0.0031978635135791263,0.000312717608990589,0.16961551443954548,10,2025-10-10,2026-01-06
2026-01-08,0.003157043603811372,0.0034957155366565564,0.0003014147939342282,0.18992255831141616,10,2025-10-13,2026-01-07
2026-01-09,-0.017240657013766918,0.003083080360853497,0.0002652457877365861,0.17712160359929033,10,2025-10-14,2026-01-08
2026-01-12,-0.0019458339910784653,0.002890117708500395,0.00022227456161292149,0.18054379988554742,10,2025-10-15,2026-01-09
2026-01-13,0.0052879843777412835,0.002962371296542889,0.0002468623646403885,0.1759154923935119,10,2025-10-16,2026-01-12
2026-01-14,-0.01948402700577203,0.003171806745545687,0.00024513200124496085,0.18991202274227548,10,2025-10-17,2026-01-13
2026-01-15,0.004419333592796127,0.002804074269940496,0.00022480467241793294,0.17378622052685502,10,2025-10-20,2026-01-14
2026-01-16,-0.003220088107557517,0.0028080745398936604,0.0002248168217212516,0.17404831796709666,10,2025-10-21,2026-01-15
2026-01-20,0.00528585186343968,0.002481274229869532,0.00016353675694153082,0.17851383331401308,10,2025-10-22,2026-01-16
2026-01-21,0.008980792292049514,0.0027069944332259246,0.00017434877314398097,0.18998477754856294,10,2025-10-23,2026-01-20
2026-01-22,-0.0014956445933580875,0.002730189601440167,0.00015939453896237583,0.2005343206858198,11,2025-10-24,2026-01-21
2026-01-23,0.002582070927260508,0.0029866287937073315,0.0002009418175427181,0.1966940685817984,10,2025-10-27,2026-01-22
2026-01-26,-0.01938782989839085,0.0028877195943818705,0.0001592751894475348,0.21309158360215827,10,2025-10-28,2026-01-23
2026-01-27,-0.006216529793298316,0.002732814310671477,0.00015838149585729186,0.20138318839416583,10,2025-10-29,2026-01-26
2026-01-28,-0.008028091347294696,0.00225018600698479,5.9480499936696506e-05,0.2660370142659403,12,2025-10-30,2026-01-27
2026-01-29,0.0006094919935739589,0.002337002979431699,5.9681016760250475e-05,0.27682765668061327,11,2025-10-31,2026-01-28
2026-01-30,0.006761713337724438,0.0022982527281283243,5.852076785774814e-05,0.2744929514206678,11,2025-11-03,2026-01-29
2026-02-02,0.002285632702047862,0.0024771074530082495,5.8040714482125624e-05,0.2991023132935365,11,2025-11-04,2026-01-30
2026-02-03,0.0023989428455297975,0.0024730453700546827,5.828675583564507e-05,0.29793829305450104,10,2025-11-05,2026-02-02
2026-02-04,-0.003874595638032302,0.0022567318472507497,5.4737138010532535e-05,0.2782093140381568,10,2025-11-06,2026-02-03
2026-02-05,-0.006112208849334558,0.0028698259980620235,5.0700421859228816e-05,0.37517620941884366,12,2025-11-07,2026-02-04
2026-02-06,0.010035871307843912,0.002603258078836477,5.066608754674464e-05,0.33785353544468394,11,2025-11-10,2026-02-05
2026-02-09,-0.00924256393334313,0.0027557344039055316,5.13810809477127e-05,0.3567662310089805,11,2025-11-11,2026-02-06
2026-02-10,-0.008570944755635256,0.00223043308934771,4.66332652148842e-05,0.2975638318390472,12,2025-11-12,2026-02-09
2026-02-11,0.00030476641017979436,0.002145916768153423,4.664212636051925e-05,0.28516038799323407,11,2025-11-13,2026-02-10
2026-02-12,-0.0039542448393222384,0.0021806259784134534,4.740036767513826e-05,0.2879118365807564,11,2025-11-14,2026-02-11
2026-02-13,-0.0017664111192189596,0.0022979414665414964,5.3164664749746223e-05,0.2879454922112352,10,2025-11-17,2026-02-12
2026-02-17,0.0129531707965701,0.0025291142769962387,5.445192567466895e-05,0.3158493903116236,12,2025-11-18,2026-02-13
2026-02-18,-0.001251862975910909,0.0026016800037291948,5.441601871552268e-05,0.3257907056755996,12,2025-11-19,2026-02-17
2026-02-19,-0.004293829371390883,0.002729965694062145,5.39485636807763e-05,0.34466491285678985,10,2025-11-20,2026-02-18
2026-02-20,0.012001421288164555,0.0027435608225977546,5.395203359887318e-05,0.3465047139971933,12,2025-11-21,2026-02-19
2026-02-23,0.0011632388710854232,0.0026689487005732222,5.2105471991431944e-05,0.34225477340973354,12,2025-11-24,2026-02-20
2026-02-24,0.01005728394252736,0.0028371270841736434,5.1826428475238994e-05,0.3665360860950039,11,2025-11-25,2026-02-23
2026-02-25,-0.0029157532223285714,0.002731880609579376,4.974660886682428e-05,0.35919779434560933,11,2025-11-26,2026-02-24
2026-02-26,0.012027716488758508,0.0025603029951413838,4.956628691621566e-05,0.33547991364795315,11,2025-11-28,2026-02-25
2026-02-27,2.9419351431770983e-06,0.002657213575463992,4.957650852519268e-05,0.3492089647832603,11,2025-12-01,2026-02-26
2026-03-02,-0.02501676662173735,0.002598331404688609,4.806863705879651e-05,0.3461510238120802,11,2025-12-02,2026-02-27
2026-03-03,-0.01607270961839753,0.0022864593184201516,5.0462094077394596e-05,0.2939392288012948,11,2025-12-03,2026-03-02
2026-03-04,-0.0017642497206128743,0.0016783767152200098,4.662403913502187e-05,0.21674356012695642,13,2025-12-04,2026-03-03
2026-03-05,-0.009717260734260226,0.0017138451835007336,4.667784962374171e-05,0.22181002255733415,13,2025-12-05,2026-03-04
2026-03-06,-0.003398438111639158,0.0014003799323222268,4.786251250610639e-05,0.17373802332727742,12,2025-12-08,2026-03-05
2026-03-09,0.0015386282190186834,0.0017391489524991766,4.761357816216432e-05,0.22328671557646734,13,2025-12-09,2026-03-06
2026-03-10,0.0026603133874259794,0.00172905054572383,4.8000861345058566e-05,0.22092655788516455,13,2025-12-10,2026-03-09
2026-03-11,-0.007639314138841861,0.0017241885599911307,4.878744228604442e-05,0.218442283799121,13,2025-12-11,2026-03-10
2026-03-12,-0.016440211297616955,0.001521907346594555,4.941746925244282e-05,0.18827035128848846,14,2025-12-12,2026-03-11
2026-03-13,-0.008451781396195054,0.0015522222552421076,9.661309763592082e-05,0.13773349494978976,10,2025-12-15,2026-03-12
2026-03-16,-0.003647951836520177,0.0013912912142151363,0.00011397617656764522,0.11173498389514668,10,2025-12-16,2026-03-13
2026-03-17,0.003515225187600734,0.0014161826141504993,0.00011367533468054364,0.11421735955275783,10,2025-12-17,2026-03-16
2026-03-18,-0.04221704146871603,0.0015413129607928869,0.00015165818210564728,0.10904627436208478,10,2025-12-18,2026-03-17
2026-03-19,0.008890232756198204,0.0006030789645575332,0.00024111938843060217,0.02606039131479009,10,2025-12-19,2026-03-18
2026-03-20,-0.02445926303448595,0.0008583596544673852,0.00016487909668378703,0.051395633907491016,10,2025-12-22,2026-03-19
2026-03-23,0.006663606425873215,0.0005359528709212778,0.00013933046380045676,0.028595811325708095,10,2025-12-23,2026-03-20
2026-03-24,-0.015370731254814446,0.0009336629153561406,0.00016954865122034804,0.056466125409319015,10,2025-12-24,2026-03-23
2026-03-25,0.003702637853108801,0.0005660535682390446,0.00011407706013841829,0.03442109014116216,10,2025-12-26,2026-03-24
2026-03-26,-0.018084264718395825,0.0006161559448316766,0.0001322862373724282,0.03632052368205159,10,2025-12-29,2026-03-25
2026-03-27,-0.031552261390041164,0.00031465034328529687,0.00013837757010285028,0.009881296891756479,10,2025-12-30,2026-03-26
2026-03-30,0.0027429650213401406,-0.00013707275540174112,0.00013346060324782839,-0.029040035903807795,10,2025-12-31,2026-03-27
2026-03-31,0.025679109206803892,5.408510261215526e-05,0.00013232170837174459,-0.01254682451465165,10,2026-01-02,2026-03-30
2026-04-01,0.002508976925308113,0.000647265964815197,0.0001698919306874833,0.03443642117015156,10,2026-01-05,2026-03-31
2026-04-02,0.011334037744261092,0.0004056429835492072,0.00019927434542131063,0.014680049698732505,10,2026-01-06,2026-04-01
2026-04-06,0.008565122025340486,0.0005264578299283194,0.00019444174620225204,0.02352549864011542,10,2026-01-07,2026-04-02
2026-04-07,-0.0018660148495948006,0.0008892354095938371,0.00016820911417246,0.053264988990189624,10,2026-01-08,2026-04-06
2026-04-08,0.019785249813191037,0.000730221726782707,0.00021323469843843512,0.036418895021966165,10,2026-01-09,2026-04-07
2026-04-09,0.01509718628759055,0.0011430709650115537,0.00021865606726509374,0.06388427347361547,10,2026-01-12,2026-04-08
2026-04-10,-0.000986397249375362,0.0014393709950762837,0.0002212371860875478,0.08343112908829468,10,2026-01-13,2026-04-09
2026-04-13,0.002667597332332894,0.0013903365353098026,0.00024006235159696978,0.07692836006050477,10,2026-01-14,2026-04-10
2026-04-14,0.01843420632426472,0.0016405993128168492,0.00025569789023058916,0.09018989582897367,10,2026-01-15,2026-04-13
2026-04-15,0.012029540697101137,0.001957224026217884,0.000260859768443412,0.10889694574217117,10,2026-01-16,2026-04-14
2026-04-16,-0.00023472335006938043,0.0021997574309640788,0.0002610112507626127,0.12387745828153435,10,2026-01-20,2026-04-15
2026-04-17,-0.027062859970889662,0.002464453839569123,0.00025708238312867896,0.14132911166346815,10,2026-01-21,2026-04-16
2026-04-20,-0.007537788170400909,0.0020652530921459315,0.0003806619229818134,0.09568359155901206,10,2026-01-22,2026-04-17
2026-04-21,-0.02051083054447519,0.0020320699085418486,0.0004866230420025208,0.08312311577406048,10,2026-01-23,2026-04-20
2026-04-22,-0.0046119649998089315,0.0014596532914372632,0.0003623922685620574,0.0662534466194102,10,2026-01-26,2026-04-21
2026-04-23,-0.018110643985892478,0.0015756158105074932,0.000531369683983336,0.059744730572551565,10,2026-01-27,2026-04-22
2026-04-24,0.015744903463347646,0.0014152398273507218,0.000526881730274215,0.053011770846790034,10,2026-01-28,2026-04-23
2026-04-27,-0.010163036652695277,0.001868952946834175,0.00047967359193815074,0.07627531975160126,10,2026-01-29,2026-04-24
2026-04-28,-0.01744803259977775,0.0019378034124533695,0.0005539001866213792,0.07390628792768059,10,2026-01-30,2026-04-27
2026-04-29,0.004903994899656258,0.0018779054011291284,0.0005271442747888206,0.07314983860703148,11,2026-02-02,2026-04-28
2026-04-30,0.008995267630976338,0.0020127664399457426,0.0004892548735387869,0.08202653805847034,10,2026-02-03,2026-04-29
2026-05-01,0.01128680993374289,0.002880679344145426,0.0005025647156028565,0.11964813958995822,10,2026-02-04,2026-04-30
2026-05-04,-0.0008624356618281703,0.0030491233469099937,0.0005037357140109563,0.12701405013031744,10,2026-02-05,2026-05-01
2026-05-05,-0.020009069481668057,0.003720914123045636,0.0004704276896525894,0.16240699738502085,10,2026-02-06,2026-05-04
2026-05-06,0.0025343586973013994,0.003292255571316953,0.00046429255210075156,0.14358279161301277,10,2026-02-09,2026-05-05
2026-05-07,-0.01519000368306126,0.003347485918133231,0.0003127095287574739,0.17807879104128504,10,2026-02-10,2026-05-06
2026-05-08,0.016878447058354257,0.00310723626121738,0.0003181397945472148,0.16308288247732167,10,2026-02-11,2026-05-07
2026-05-11,-0.014920869965318106,0.004037856442291,0.00045613490540435627,0.17977183555280563,10,2026-02-12,2026-05-08
2026-05-12,-0.00810342629536947,0.0047971012084412155,0.0004751198958067227,0.21097567416640134,10,2026-02-13,2026-05-11
2026-05-13,-0.022302208985923715,0.004489116072793483,0.0004772355116014025,0.1964093297498012,10,2026-02-17,2026-05-12
2026-05-14,0.01434839074810496,0.0039901254076550145,0.00038734299832431194,0.19265823046941305,10,2026-02-18,2026-05-13
2026-05-15,-0.012452794911680103,0.0038482832063289054,0.00046135916406431644,0.16992523484843283,10,2026-02-19,2026-05-14
2026-05-18,0.001526935778144117,0.0037911869433627427,0.0004776476299587009,0.16439027169097842,10,2026-02-20,2026-05-15
2026-05-19,-0.009874890568471585,0.003762051638731525,0.0004777291470472302,0.1630432502382983,10,2026-02-23,2026-05-18
2026-05-20,0.01980734166552134,0.004282728646890923,0.00047427852421378877,0.1875437511639858,10,2026-02-24,2026-05-19
2026-05-21,-0.006719900182484565,0.004311220778133469,0.00047575803693226666,0.18855817898088303,10,2026-02-25,2026-05-20
2026-05-22,-0.014386337093204946,0.004123889114588166,0.0004780800333495703,0.17953208205393892,10,2026-02-26,2026-05-21
2026-05-26,0.024203764716775336,0.003229410496819144,0.0003945976045793949,0.15258378944293802,10,2026-02-27,2026-05-22
2026-05-27,0.016174158534661413,0.0038170975146636795,0.0004228492901728321,0.1759778279840679,11,2026-03-02,2026-05-26
2026-05-28,0.0170713868494488,0.004270494488924502,0.00041858731460030186,0.19903225292995255,10,2026-03-03,2026-05-27
2026-05-29,-0.00027133505195246397,0.004453202560422222,0.0004329861662778811,0.20447541728448157,10,2026-03-04,2026-05-28
2026-06-01,-0.012046140287410773,0.003912685217078531,0.0004126254608756665,0.18285033136152687,10,2026-03-05,2026-05-29
2026-06-02,-0.018771960070698913,0.003424739845998832,0.0004136780449348342,0.15862701950538283,10,2026-03-06,2026-06-01
2026-06-03,-0.040540802258641664,0.00341547677095154,0.00041406144697014744,0.1580983402825762,10,2026-03-09,2026-06-02
2026-06-04,0.015086621962118591,0.0028884032578676004,0.00041122076324292303,0.13265182713519047,10,2026-03-10,2026-06-03
2026-06-05,-0.040779560695781786,0.003292220450007974,0.00045527743927277443,0.14499574450583072,10,2026-03-11,2026-06-04
2026-06-08,0.010296300553321374,0.0026425641851621834,0.0004120377926261761,0.12040917799418546,10,2026-03-12,2026-06-05
2026-06-09,0.005952655058089812,0.003684540889629141,0.00046860512423381635,0.16104225167722558,10,2026-03-13,2026-06-08
2026-06-10,-0.00684767450406685,0.003778590479877554,0.0004684825477825118,0.16540852257350308,10,2026-03-16,2026-06-09
2026-06-11,0.043892380910182355,0.0033109659439949897,0.0004650660832099854,0.14433094445017758,10,2026-03-17,2026-06-10
2026-06-12,0.0023178912240478513,0.00395866190171374,0.0004957270282970842,0.1688866521627432,10,2026-03-18,2026-06-11
2026-06-15,0.041349867436651255,0.004628835179270255,0.00046563854590738943,0.20531499928879998,10,2026-03-19,2026-06-12
